Genotype,Exp,Loc,Yield,Pro,Oil,Mat
QH4758,23-C-101,Ames01,80.18,36.9,19.15,2.5
QH4758,23-C-101,Sutherland,68.99,,,1.9
QH4758,23-C-101,Jerico,61.85,,,
QH4758,23-C-101,Ames02,69.24,,,
QH4758,23-C-101,Crawfordsville,70.21,34,20.3,1.9
WP2808,23-C-101,Crawfordsville,81.57,34.6,21,1.9
WP2808,23-C-101,Ames01,86.8,36.15,20.05,2.3
WP2808,23-C-101,Sutherland,71.97,,,1.9
WP2808,23-C-101,Ames02,73.43,,,
WP2808,23-C-101,Jerico,61.32,,,
LP4121,23-C-101,Crawfordsville,82.57,34.8,21.05,1.9
LP4121,23-C-101,Jerico,66.99,,,
LP4121,23-C-101,Sutherland,69.09,,,1.9
LP4121,23-C-101,Ames02,68.45,,,
LP4121,23-C-101,Ames01,82.06,36.15,19.6,2.1
GP8966,23-C-101,Jerico,63.35,,,
GP8966,23-C-101,Ames01,81.13,36.05,19,1.9
GP8966,23-C-101,Ames02,63.05,,,
GP8966,23-C-101,Sutherland,63.29,,,1.9
GP8966,23-C-101,Crawfordsville,72.94,34.4,20.15,1.9
QQ3197,23-C-101,Ames02,59.92,,,
QQ3197,23-C-101,Crawfordsville,81.44,32.8,20.9,1.9
QQ3197,23-C-101,Ames01,80.14,35.25,20.3,2.1
QQ3197,23-C-101,Sutherland,61.81,,,1.9
QQ3197,23-C-101,Jerico,66.06,,,
ZO9014,23-C-101,Crawfordsville,83.49,34.65,21.4,1.9
ZO9014,23-C-101,Ames02,59.43,,,
ZO9014,23-C-101,Jerico,69.84,,,
ZO9014,23-C-101,Ames01,89.68,35.9,20.35,2.5
ZO9014,23-C-101,Sutherland,71.02,,,2.1
UM0040,23-C-101,Jerico,63,,,
UM0040,23-C-101,Crawfordsville,82.01,34.8,20,1.9
UM0040,23-C-101,Sutherland,70.43,,,2.3
UM0040,23-C-101,Ames01,91.35,36.65,19.15,2.3
UM0040,23-C-101,Ames02,62.66,,,
RE0215,23-C-101,Sutherland,66.78,,,2.3
RE0215,23-C-101,Ames01,78.47,36.6,19.6,2.1
RE0215,23-C-101,Jerico,68.53,,,
RE0215,23-C-101,Ames02,62.15,,,
RE0215,23-C-101,Crawfordsville,70.69,34.95,20.2,2.1
PK0650,23-C-101,Ames01,82.6,34.8,21.2,1.9
PK0650,23-C-101,Crawfordsville,75.07,33.45,21.55,1.9
PK0650,23-C-101,Sutherland,74.98,,,2.1
PK0650,23-C-101,Ames02,62.5,,,
PK0650,23-C-101,Jerico,61.82,,,
IC5281,23-C-101,Crawfordsville,77.84,33.5,20.9,1.9
IC5281,23-C-101,Ames01,80.87,35,20.5,1.7
IC5281,23-C-101,Sutherland,47.85,,,1.9
IC5281,23-C-101,Ames02,68.41,,,
IC5281,23-C-101,Jerico,57.24,,,
GC9592,23-C-101,Crawfordsville,70.28,33.2,20.9,1.9
GC9592,23-C-101,Ames02,58.56,,,
GC9592,23-C-101,Sutherland,59.42,,,1.9
GC9592,23-C-101,Jerico,59.63,,,
GC9592,23-C-101,Ames01,78.36,34.85,20.15,1.9
ZF5084,23-C-101,Ames01,81.28,36.05,19.55,2.5
ZF5084,23-C-101,Ames02,63.61,,,
ZF5084,23-C-101,Sutherland,63.4,,,2.3
ZF5084,23-C-101,Crawfordsville,77.49,33.7,20.95,2.3
ZF5084,23-C-101,Jerico,61.69,,,
KU3737,23-C-101,Crawfordsville,74.39,35.05,20.95,2.1
KU3737,23-C-101,Sutherland,73.17,,,2.1
KU3737,23-C-101,Ames02,65.34,,,
KU3737,23-C-101,Ames01,80.36,36.6,20.05,2.1
KU3737,23-C-101,Jerico,61.12,,,
MZ3768,23-C-101,Sutherland,67.51,,,2.1
MZ3768,23-C-101,Ames01,75.57,34.7,19.95,2.1
MZ3768,23-C-101,Jerico,68.75,,,
MZ3768,23-C-101,Ames02,66.31,,,
MZ3768,23-C-101,Crawfordsville,77.56,32.85,20.45,1.9
HD1613,23-C-101,Ames02,54.28,,,
HD1613,23-C-101,Crawfordsville,88.87,,,1.9
HD1613,23-C-101,Ames01,87.22,36.55,19.25,2.1
HD1613,23-C-101,Sutherland,46.8,,,2.1
HD1613,23-C-101,Jerico,45.39,,,
MF4139,23-C-101,Crawfordsville,77.38,33.5,21.35,1.9
MF4139,23-C-101,Jerico,60.29,,,
MF4139,23-C-101,Ames02,64.7,,,
MF4139,23-C-101,Ames01,76.81,36,19.95,1.9
MF4139,23-C-101,Sutherland,58.04,,,2.1
TH6079,23-C-101,Ames01,72.43,36.85,19.45,2.5
TH6079,23-C-101,Crawfordsville,77.84,35.5,19.85,2.1
TH6079,23-C-101,Ames02,62.76,,,
TH6079,23-C-101,Sutherland,55,,,2.1
TH6079,23-C-101,Jerico,59.2,,,
ZM0918,23-C-101,Sutherland,61.73,,,2.1
ZM0918,23-C-101,Jerico,60.04,,,
ZM0918,23-C-101,Ames01,77.33,36.35,19.5,1.9
ZM0918,23-C-101,Crawfordsville,78.67,34.2,20.5,2.1
ZM0918,23-C-101,Ames02,66.55,,,
JD5270,23-C-101,Ames02,59.1,,,
JD5270,23-C-101,Jerico,67.74,,,
JD5270,23-C-101,Ames01,86.26,36.25,19.7,2.1
JD5270,23-C-101,Crawfordsville,80.64,35.05,20.35,2.1
JD5270,23-C-101,Sutherland,69.97,,,2.3
MX3582,23-C-101,Ames01,60.28,35.85,19.4,2.1
MX3582,23-C-101,Crawfordsville,79.46,33.95,20.35,2.3
MX3582,23-C-101,Sutherland,67.15,,,1.9
MX3582,23-C-101,Jerico,57.4,,,
MX3582,23-C-101,Ames02,67.87,,,
OX7938,23-C-101,Ames02,69.16,,,
OX7938,23-C-101,Ames01,82.06,36.7,19.95,2.5
OX7938,23-C-101,Jerico,70.18,,,
OX7938,23-C-101,Crawfordsville,86.47,35,20.45,2.1
OX7938,23-C-101,Sutherland,69.24,,,1.9
YX1094,23-C-101,Crawfordsville,88.96,34.85,20.65,2.1
YX1094,23-C-101,Ames01,79.84,36.15,20.15,2.5
YX1094,23-C-101,Ames02,66.96,,,
YX1094,23-C-101,Jerico,63.06,,,
YX1094,23-C-101,Sutherland,74.98,,,1.9
SD6551,23-C-101,Ames01,77.34,36.05,20.15,2.1
SD6551,23-C-101,Jerico,71.77,,,
SD6551,23-C-101,Sutherland,63.92,,,1.9
SD6551,23-C-101,Crawfordsville,85.31,34.9,20.35,2.1
SD6551,23-C-101,Ames02,68.09,,,
MY2923,23-C-101,Jerico,60.58,,,
MY2923,23-C-101,Crawfordsville,88.52,34.9,20.75,2.1
MY2923,23-C-101,Ames02,62.48,,,
MY2923,23-C-101,Ames01,79.48,36.5,19.85,2.5
MY2923,23-C-101,Sutherland,66.84,,,2.1
AR9212,23-C-101,Sutherland,58.96,,,1.9
AR9212,23-C-101,Ames02,70.63,,,
AR9212,23-C-101,Ames01,82.45,37.5,19.05,2.1
AR9212,23-C-101,Jerico,66.3,,,
AR9212,23-C-101,Crawfordsville,80.12,36.15,19.15,1.9
QN8428,23-C-101,Ames02,57.82,,,
QN8428,23-C-101,Ames01,80.75,37.25,19,2.5
QN8428,23-C-101,Crawfordsville,82.93,36.3,19.75,2.1
QN8428,23-C-101,Jerico,63.87,,,
QN8428,23-C-101,Sutherland,58.73,,,2.3
UA5973,23-C-101,Ames01,85.45,38.35,18.7,1.9
UA5973,23-C-101,Ames02,63.42,,,
UA5973,23-C-101,Jerico,60.39,,,
UA5973,23-C-101,Sutherland,51.11,,,1.9
UA5973,23-C-101,Crawfordsville,76.92,37.8,18.8,1.9
HZ6550,23-C-101,Jerico,62.99,,,
HZ6550,23-C-101,Ames01,92.86,38,18.65,1.9
HZ6550,23-C-101,Sutherland,61.64,,,2.1
HZ6550,23-C-101,Ames02,65.48,,,
HZ6550,23-C-101,Crawfordsville,81.62,35.6,19.5,1.9
ZC2544,23-C-101,Sutherland,72.69,,,2.1
ZC2544,23-C-101,Crawfordsville,73.57,34.25,20.55,2.1
ZC2544,23-C-101,Ames02,69.68,,,
ZC2544,23-C-101,Ames01,85.75,36.85,19.2,1.9
ZC2544,23-C-101,Jerico,65.75,,,
DH6933,23-C-101,Crawfordsville,85.21,34.25,21.4,2.3
DH6933,23-C-101,Ames01,83.63,35.35,20.65,1.9
DH6933,23-C-101,Ames02,69.91,,,
DH6933,23-C-101,Jerico,61.93,,,
DH6933,23-C-101,Sutherland,62.5,,,2.1
KL0426,23-C-101,Crawfordsville,87.23,34.85,19.65,2.1
KL0426,23-C-101,Sutherland,52.68,,,2.3
KL0426,23-C-101,Jerico,57.55,,,
KL0426,23-C-101,Ames01,85.6,36.15,19.3,2.5
KL0426,23-C-101,Ames02,67.34,,,
LV4523,23-C-101,Sutherland,75.71,,,2.1
LV4523,23-C-101,Ames01,79.2,36.25,19.7,2.3
LV4523,23-C-101,Jerico,65.81,,,
LV4523,23-C-101,Ames02,68.91,,,
LV4523,23-C-101,Crawfordsville,86.14,33.55,20.5,2.1
IN7483,23-C-101,Ames02,68.36,,,
IN7483,23-C-101,Sutherland,68.99,,,2.1
IN7483,23-C-101,Ames01,91.91,35.05,20.15,2.1
IN7483,23-C-101,Jerico,70.66,,,
IN7483,23-C-101,Crawfordsville,85.14,34.2,21,2.1
IA8023,23-C-101,Jerico,62.42,,,
IA8023,23-C-101,Crawfordsville,82.71,34.8,20.1,2.1
IA8023,23-C-101,Sutherland,66.89,,,1.9
IA8023,23-C-101,Ames01,90.14,35.3,19.75,2.5
IA8023,23-C-101,Ames02,67.26,,,
FE9101,23-C-101,Ames01,76.43,37.55,18.4,1.9
FE9101,23-C-101,Sutherland,59.09,,,2.1
FE9101,23-C-101,Crawfordsville,92.17,36.7,18.7,1.9
FE9101,23-C-101,Jerico,63.52,,,
FE9101,23-C-101,Ames02,63.98,,,
YY9655,23-C-101,Jerico,63.47,,,
YY9655,23-C-101,Crawfordsville,82.6,35.55,19.8,1.9
YY9655,23-C-101,Ames01,82.2,37.15,18.85,2.1
YY9655,23-C-101,Ames02,66.18,,,
YY9655,23-C-101,Sutherland,68.74,,,2.1
IT2971,23-C-101,Crawfordsville,80.81,36.15,19.45,1.9
IT2971,23-C-101,Ames01,81.73,37.4,18.75,2.1
IT2971,23-C-101,Sutherland,67.81,,,2.1
IT2971,23-C-101,Ames02,66.65,,,
IT2971,23-C-101,Jerico,62.96,,,
TA5991,23-C-101,Ames01,79.38,37,19.4,2.5
TA5991,23-C-101,Sutherland,57.84,,,2.1
TA5991,23-C-101,Jerico,62.18,,,
TA5991,23-C-101,Crawfordsville,77.3,35,20.5,1.9
TA5991,23-C-101,Ames02,65.56,,,
YH9906,23-C-101,Ames01,88.99,37.5,18.75,2.7
YH9906,23-C-101,Ames02,65.66,,,
YH9906,23-C-101,Jerico,61.61,,,
YH9906,23-C-101,Crawfordsville,74.93,36.1,19.6,2.3
YH9906,23-C-101,Sutherland,70.87,,,1.9
IV2698,23-C-101,Ames02,66.01,,,
IV2698,23-C-101,Sutherland,55.72,,,2.1
IV2698,23-C-101,Jerico,62.31,,,
IV2698,23-C-101,Crawfordsville,77.49,36.9,19.75,2.1
IV2698,23-C-101,Ames01,75.86,38.5,18.6,1.9
MV9661,23-C-101,Crawfordsville,71.53,35.2,20.35,1.9
MV9661,23-C-101,Jerico,67.13,,,
MV9661,23-C-101,Ames02,73.3,,,
MV9661,23-C-101,Sutherland,66.98,,,1.9
MV9661,23-C-101,Ames01,77.2,37,19.25,1.9
QE1903,23-C-101,Jerico,64.49,,,
QE1903,23-C-101,Ames01,82.68,35.2,20.1,2.3
QE1903,23-C-101,Crawfordsville,78.91,35,20.9,2.1
QE1903,23-C-101,Sutherland,66.31,,,2.1
QE1903,23-C-101,Ames02,65,,,
BT7378,23-C-101,Ames01,87.76,37.25,19.3,1.9
BT7378,23-C-101,Sutherland,61.58,,,1.9
BT7378,23-C-101,Crawfordsville,74.99,35.7,20.4,1.9
BT7378,23-C-101,Jerico,61.62,,,
BT7378,23-C-101,Ames02,62.26,,,
ET8781,23-C-101,Ames01,62.65,36.6,19.4,1.9
ET8781,23-C-101,Ames02,68.78,,,
ET8781,23-C-101,Crawfordsville,73.88,34.95,20.05,2.1
ET8781,23-C-101,Sutherland,56.63,,,2.1
ET8781,23-C-101,Jerico,62.19,,,
UD0036,23-C-101,Jerico,69.46,,,
UD0036,23-C-101,Sutherland,66.76,,,2.1
UD0036,23-C-101,Ames01,81.63,36.65,19.95,1.9
UD0036,23-C-101,Crawfordsville,82.49,34.5,20.85,2.1
UD0036,23-C-101,Ames02,69.6,,,
JZ4190,23-C-101,Jerico,70.56,,,
JZ4190,23-C-101,Ames02,61,,,
JZ4190,23-C-101,Ames01,90.06,36.35,19.35,2.1
JZ4190,23-C-101,Crawfordsville,85.9,,,2.1
JZ4190,23-C-101,Sutherland,63.62,,,2.1
YU2715,23-C-201E,Ames02,75.47,,,
YU2715,23-C-201E,Ames01,75.13,,,2.3
YU2715,23-C-201E,Sutherland,90.78,,,2.7
YU2715,23-C-201E,Lucas,68.85,31.7,21.25,
YU2715,23-C-201E,Jerico,67.82,,,
YU2715,23-C-201E,Crawfordsville,84.53,31.6,21.65,2.3
XQ3425,23-C-201E,Ames01,75.9,35.1,20.45,2.1
XQ3425,23-C-201E,Jerico,66.37,,,
XQ3425,23-C-201E,Sutherland,69.97,,,2.3
XQ3425,23-C-201E,Crawfordsville,81.87,33.7,20.8,2.1
XQ3425,23-C-201E,Ames02,58.93,,,
XQ3425,23-C-201E,Lucas,62.75,34,20.7,
TF1585,23-C-201E,Lucas,72.65,34.3,20.9,
TF1585,23-C-201E,Ames01,72.33,36,19.95,2.5
TF1585,23-C-201E,Crawfordsville,85.07,34.2,21.05,2.3
TF1585,23-C-201E,Jerico,58.38,,,
TF1585,23-C-201E,Ames02,70,,,
TF1585,23-C-201E,Sutherland,65.06,,,2.1
YO4047,23-C-201E,Sutherland,72.03,,,2.7
YO4047,23-C-201E,Jerico,55.88,,,
YO4047,23-C-201E,Ames01,90.23,35.45,19.5,2.7
YO4047,23-C-201E,Lucas,77.3,33.75,20.05,
YO4047,23-C-201E,Crawfordsville,91.77,33.4,20.05,2.5
YO4047,23-C-201E,Ames02,79.64,,,
ZJ3378,23-C-201E,Ames01,70.94,35.5,19.65,2.1
ZJ3378,23-C-201E,Jerico,62.63,,,
ZJ3378,23-C-201E,Lucas,69.71,33.85,20.55,
ZJ3378,23-C-201E,Sutherland,65.79,,,2.5
ZJ3378,23-C-201E,Ames02,70.01,,,
ZJ3378,23-C-201E,Crawfordsville,81.04,34,20.1,2.3
UZ4033,23-C-201E,Ames01,104.39,35.75,19.25,2.9
UZ4033,23-C-201E,Sutherland,73.03,,,2.7
UZ4033,23-C-201E,Ames02,76.02,,,
UZ4033,23-C-201E,Jerico,67.69,,,
UZ4033,23-C-201E,Lucas,69.94,34.8,19.6,
UZ4033,23-C-201E,Crawfordsville,94.54,34.05,20,2.5
RC3147,23-C-201E,Ames02,75.26,,,
RC3147,23-C-201E,Ames01,80.34,35.6,19.35,2.7
RC3147,23-C-201E,Lucas,68.12,32.9,20.55,
RC3147,23-C-201E,Jerico,66.64,,,
RC3147,23-C-201E,Crawfordsville,82.73,33.1,20.4,2.3
RC3147,23-C-201E,Sutherland,74.03,,,2.1
HN2160,23-C-201E,Crawfordsville,82.34,33.8,20.1,2.1
HN2160,23-C-201E,Sutherland,74.61,,,2.1
HN2160,23-C-201E,Lucas,71.37,33.1,20.45,
HN2160,23-C-201E,Ames02,74.75,,,
HN2160,23-C-201E,Ames01,79.43,35.75,19.15,2.9
HN2160,23-C-201E,Jerico,69.75,,,
RQ3845,23-C-201E,Sutherland,78.86,,,2.5
RQ3845,23-C-201E,Jerico,63.9,,,
RQ3845,23-C-201E,Ames01,67.96,35.05,19.3,2.5
RQ3845,23-C-201E,Crawfordsville,86.74,33.75,20.05,2.3
RQ3845,23-C-201E,Ames02,71.04,,,
RQ3845,23-C-201E,Lucas,62.09,33.6,20.15,
RD8951,23-C-201E,Ames02,73.47,,,
RD8951,23-C-201E,Crawfordsville,91.94,33.4,20.8,2.1
RD8951,23-C-201E,Ames01,85.43,36.1,19.2,2.7
RD8951,23-C-201E,Jerico,69.17,,,
RD8951,23-C-201E,Lucas,70.47,33.9,20,
RD8951,23-C-201E,Sutherland,74.79,,,2.3
LF4730,23-C-201E,Ames02,66.69,,,
LF4730,23-C-201E,Crawfordsville,88.64,34.1,20.1,2.3
LF4730,23-C-201E,Lucas,62.02,33.5,20.65,
LF4730,23-C-201E,Sutherland,72.52,,,2.1
LF4730,23-C-201E,Ames01,72.3,35.9,19.1,2.7
LF4730,23-C-201E,Jerico,62.73,,,
NW8888,23-C-201E,Lucas,61.19,33.9,20.4,
NW8888,23-C-201E,Crawfordsville,92.19,33.6,20.8,2.1
NW8888,23-C-201E,Ames02,68.62,,,
NW8888,23-C-201E,Sutherland,81.68,,,2.1
NW8888,23-C-201E,Jerico,67.91,,,
NW8888,23-C-201E,Ames01,78.55,35.7,19.45,2.5
EZ6949,23-C-201E,Jerico,64.34,,,
EZ6949,23-C-201E,Ames01,85.24,34.95,20.1,2.5
EZ6949,23-C-201E,Lucas,66.12,33.45,20.95,
EZ6949,23-C-201E,Crawfordsville,88.54,33.7,20.95,2.3
EZ6949,23-C-201E,Ames02,74.33,,,
EZ6949,23-C-201E,Sutherland,80.3,,,2.3
WZ0474,23-C-201E,Lucas,72.96,35.05,19.25,
WZ0474,23-C-201E,Ames02,79.08,,,
WZ0474,23-C-201E,Ames01,85.97,36.1,18.85,2.7
WZ0474,23-C-201E,Sutherland,77.15,,,2.3
WZ0474,23-C-201E,Crawfordsville,90.12,34.2,19.95,2.3
WZ0474,23-C-201E,Jerico,67.19,,,
UW6883,23-C-201E,Ames01,86.36,35.85,19.6,2.5
UW6883,23-C-201E,Ames02,70.2,,,
UW6883,23-C-201E,Crawfordsville,81.32,33.15,20.55,2.3
UW6883,23-C-201E,Sutherland,61.69,,,2.1
UW6883,23-C-201E,Lucas,65.86,33.85,20.4,
UW6883,23-C-201E,Jerico,65.06,,,
WH8978,23-C-201E,Sutherland,71.25,,,2.1
WH8978,23-C-201E,Lucas,71.45,33.95,20.6,
WH8978,23-C-201E,Ames02,66.64,,,
WH8978,23-C-201E,Jerico,62.01,,,
WH8978,23-C-201E,Ames01,69.95,35.7,19.85,2.5
WH8978,23-C-201E,Crawfordsville,90.08,33.8,20.5,2.1
GL4181,23-C-201E,Lucas,62.19,34.9,20.1,
GL4181,23-C-201E,Ames01,77.28,36.45,19.4,2.7
GL4181,23-C-201E,Sutherland,75.34,,,2.5
GL4181,23-C-201E,Ames02,77.5,,,
GL4181,23-C-201E,Crawfordsville,93.8,35.05,19.8,2.5
GL4181,23-C-201E,Jerico,65.69,,,
CS8752,23-C-201E,Crawfordsville,84.46,32.2,20.5,2.3
CS8752,23-C-201E,Jerico,53.52,,,
CS8752,23-C-201E,Sutherland,71.19,,,2.7
CS8752,23-C-201E,Lucas,66.44,32.3,20.75,
CS8752,23-C-201E,Ames02,66.22,,,
CS8752,23-C-201E,Ames01,68.43,34.1,20.25,2.7
TY2351,23-C-201E,Ames01,88.18,,,2.7
TY2351,23-C-201E,Crawfordsville,85.68,34.15,20.15,2.5
TY2351,23-C-201E,Lucas,62.64,33.8,20.25,
TY2351,23-C-201E,Jerico,61.77,,,
TY2351,23-C-201E,Ames02,73.26,,,
TY2351,23-C-201E,Sutherland,68.2,,,2.5
KS9355,23-C-201E,Crawfordsville,82.33,34.25,20.6,2.3
KS9355,23-C-201E,Sutherland,66.45,,,2.1
KS9355,23-C-201E,Jerico,60.32,,,
KS9355,23-C-201E,Ames02,66.28,,,
KS9355,23-C-201E,Lucas,57.39,33.85,21,
KS9355,23-C-201E,Ames01,80.35,35.3,20.25,2.5
CV2425,23-C-201E,Crawfordsville,85.29,33.9,20,2.3
CV2425,23-C-201E,Ames01,67.26,35.55,19.3,2.5
CV2425,23-C-201E,Lucas,68.11,34.4,20.1,
CV2425,23-C-201E,Jerico,69.11,,,
CV2425,23-C-201E,Ames02,70.65,,,
CV2425,23-C-201E,Sutherland,67.51,,,2.3
XR5245,23-C-201E,Sutherland,43.73,,,1.9
XR5245,23-C-201E,Lucas,57.14,34.35,20.05,
XR5245,23-C-201E,Ames01,78.46,35.85,19.9,2.1
XR5245,23-C-201E,Ames02,58.03,,,
XR5245,23-C-201E,Crawfordsville,81.53,33.55,20.7,1.9
XR5245,23-C-201E,Jerico,60.53,,,
UT3569,23-C-201E,Crawfordsville,80.76,34.7,19.05,2.3
UT3569,23-C-201E,Jerico,61.45,,,
UT3569,23-C-201E,Lucas,59.24,34.45,19.45,
UT3569,23-C-201E,Sutherland,65.39,,,2.1
UT3569,23-C-201E,Ames01,65.26,36,18.8,2.5
UT3569,23-C-201E,Ames02,69.86,,,
AB1232,23-C-201E,Sutherland,56.68,,,2.9
AB1232,23-C-201E,Lucas,74.84,32.95,21.4,
AB1232,23-C-201E,Crawfordsville,87.82,,,2.5
AB1232,23-C-201E,Jerico,56.02,,,
AB1232,23-C-201E,Ames01,81.26,34.45,20.35,2.9
AB1232,23-C-201E,Ames02,73.27,,,
AA5433,23-C-201E,Sutherland,77.19,,,2.1
AA5433,23-C-201E,Crawfordsville,81.17,33.5,20.3,2.1
AA5433,23-C-201E,Ames01,80.18,35.35,19.65,2.3
AA5433,23-C-201E,Jerico,64.65,,,
AA5433,23-C-201E,Lucas,66.05,32.65,20.4,
AA5433,23-C-201E,Ames02,71.62,,,
WB2260,23-C-201E,Crawfordsville,77.35,,,2.1
WB2260,23-C-201E,Jerico,65.57,,,
WB2260,23-C-201E,Sutherland,61.38,,,1.9
WB2260,23-C-201E,Ames02,65.23,,,
WB2260,23-C-201E,Ames01,78.78,35.5,20.15,1.9
WB2260,23-C-201E,Lucas,63.65,33.7,20.6,
HC8546,23-C-201E,Crawfordsville,93.83,33.8,20.25,2.3
HC8546,23-C-201E,Ames01,83.47,35.2,19.95,2.7
HC8546,23-C-201E,Sutherland,70.9,,,2.3
HC8546,23-C-201E,Ames02,70.24,,,
HC8546,23-C-201E,Lucas,72.39,33.4,20.4,
HC8546,23-C-201E,Jerico,64.87,,,
KC7724,23-C-201E,Lucas,73.25,33.5,20.85,
KC7724,23-C-201E,Jerico,62.44,,,
KC7724,23-C-201E,Ames02,66.01,,,
KC7724,23-C-201E,Sutherland,64.79,,,2.7
KC7724,23-C-201E,Ames01,83.63,35.1,20.05,2.5
KC7724,23-C-201E,Crawfordsville,90.61,33.2,21.05,2.5
ND7822,23-C-201E,Ames01,76.68,35,19.85,1.9
ND7822,23-C-201E,Sutherland,68.74,,,2.3
ND7822,23-C-201E,Jerico,66.37,,,
ND7822,23-C-201E,Lucas,73.01,32.9,20.15,
ND7822,23-C-201E,Ames02,69.26,,,
ND7822,23-C-201E,Crawfordsville,82.78,33.2,20.4,2.1
LT2159,23-C-201E,Lucas,67.59,33.05,20.7,
LT2159,23-C-201E,Sutherland,75.63,,,2.5
LT2159,23-C-201E,Jerico,68.16,,,
LT2159,23-C-201E,Ames01,76.25,35.2,19.85,2.7
LT2159,23-C-201E,Crawfordsville,91.62,33.95,20.55,2.5
LT2159,23-C-201E,Ames02,76.26,,,
WS1192,23-C-201E,Lucas,64.15,33.2,21.2,
WS1192,23-C-201E,Sutherland,67.72,,,2.1
WS1192,23-C-201E,Ames02,65.88,,,
WS1192,23-C-201E,Crawfordsville,88.61,33.75,21.1,2.3
WS1192,23-C-201E,Jerico,64.75,,,
WS1192,23-C-201E,Ames01,87.03,,,2.5
FE7563,23-C-201E,Ames01,82.59,34.6,20.15,2.7
FE7563,23-C-201E,Jerico,60.28,,,
FE7563,23-C-201E,Sutherland,72.81,,,2.5
FE7563,23-C-201E,Crawfordsville,80.86,32.6,21.1,2.5
FE7563,23-C-201E,Lucas,60.79,32.55,21.2,
FE7563,23-C-201E,Ames02,75.17,,,
NN7416,23-C-201E,Lucas,74.14,32.45,20.9,
NN7416,23-C-201E,Crawfordsville,86.34,33.35,20.75,2.5
NN7416,23-C-201E,Ames02,76.8,,,
NN7416,23-C-201E,Ames01,74,,,2.5
NN7416,23-C-201E,Sutherland,72.17,,,2.7
NN7416,23-C-201E,Jerico,66.63,,,
DL8320,23-C-201E,Crawfordsville,86.41,33.5,21,2.3
DL8320,23-C-201E,Sutherland,76.22,,,2.5
DL8320,23-C-201E,Jerico,62.94,,,
DL8320,23-C-201E,Ames01,77.58,35.2,20.3,1.9
DL8320,23-C-201E,Ames02,66.99,,,
DL8320,23-C-201E,Lucas,70,33,21.05,
JZ4190,23-C-201E,Ames02,64.04,,,
JZ4190,23-C-201E,Ames01,87.18,36.35,19.45,2.1
JZ4190,23-C-201E,Jerico,62.36,,,
JZ4190,23-C-201E,Lucas,71.37,35.15,20.05,
JZ4190,23-C-201E,Sutherland,60.4,,,2.1
JZ4190,23-C-201E,Crawfordsville,94.68,34.6,19.6,2.1
GO8660,23-C-202E,Sutherland,70.19,,,2.5
GO8660,23-C-202E,Lucas,84.58,34.3,20.25,
GO8660,23-C-202E,Ames01,81.94,36.2,19.55,2.7
GO8660,23-C-202E,Crawfordsville,88.09,34.85,20.1,2.9
GO8660,23-C-202E,Jerico,66.32,,,
GO8660,23-C-202E,Ames02,69.16,,,
MM4235,23-C-202E,Lucas,71.88,32.45,21.2,
MM4235,23-C-202E,Ames01,85.66,35.3,19.8,2.5
MM4235,23-C-202E,Jerico,60.9,,,
MM4235,23-C-202E,Sutherland,78.34,,,2.5
MM4235,23-C-202E,Ames02,70.91,,,
MM4235,23-C-202E,Crawfordsville,81.58,34,20.15,2.5
FX3476,23-C-202E,Sutherland,85.88,,,2.9
FX3476,23-C-202E,Lucas,70.54,33.05,20.7,
FX3476,23-C-202E,Jerico,67.93,,,
FX3476,23-C-202E,Ames02,70.73,,,
FX3476,23-C-202E,Ames01,69.12,35.65,19.65,2.7
FX3476,23-C-202E,Crawfordsville,93.44,33.6,20.9,2.5
NI3930,23-C-202E,Lucas,78.61,34.45,20.4,
NI3930,23-C-202E,Jerico,66.41,,,
NI3930,23-C-202E,Crawfordsville,70.53,33.9,20.65,2.5
NI3930,23-C-202E,Ames01,71.71,36.1,19.55,2.7
NI3930,23-C-202E,Sutherland,78.12,,,2.5
NI3930,23-C-202E,Ames02,68.56,,,
PY3226,23-C-202E,Ames02,65.66,,,
PY3226,23-C-202E,Lucas,62.89,32.8,21.25,
PY3226,23-C-202E,Sutherland,69.84,,,2.9
PY3226,23-C-202E,Crawfordsville,72.99,32.8,21.2,2.5
PY3226,23-C-202E,Ames01,85.76,34.65,20.55,2.5
PY3226,23-C-202E,Jerico,54.38,,,
EJ8002,23-C-202E,Ames02,64.55,,,
EJ8002,23-C-202E,Lucas,67.62,33.3,20.7,
EJ8002,23-C-202E,Crawfordsville,68.74,33.55,20.5,2.1
EJ8002,23-C-202E,Sutherland,72.62,,,2.1
EJ8002,23-C-202E,Jerico,58.78,,,
EJ8002,23-C-202E,Ames01,82.71,35.7,20,2.1
QH8173,23-C-202E,Jerico,64.82,,,
QH8173,23-C-202E,Lucas,66.28,33,20.75,
QH8173,23-C-202E,Ames02,62.27,,,
QH8173,23-C-202E,Crawfordsville,70.64,32,21.2,2.1
QH8173,23-C-202E,Ames01,85,35.2,19.75,2.1
QH8173,23-C-202E,Sutherland,68.37,,,1.9
BB9185,23-C-202E,Lucas,70.26,33,21.5,
BB9185,23-C-202E,Crawfordsville,77.46,33.35,20.8,2.5
BB9185,23-C-202E,Sutherland,70.23,,,2.3
BB9185,23-C-202E,Ames01,84.08,35.45,20.2,2.5
BB9185,23-C-202E,Ames02,65.26,,,
BB9185,23-C-202E,Jerico,63.11,,,
AW0403,23-C-202E,Sutherland,63.95,,,2.1
AW0403,23-C-202E,Ames02,60.39,,,
AW0403,23-C-202E,Jerico,64.44,,,
AW0403,23-C-202E,Ames01,77.52,36.6,19.05,2.5
AW0403,23-C-202E,Crawfordsville,71.19,33.95,20.4,2.3
AW0403,23-C-202E,Lucas,61.3,33.65,20.85,
PW7807,23-C-202E,Jerico,58.24,,,
PW7807,23-C-202E,Sutherland,65.14,,,2.1
PW7807,23-C-202E,Ames02,61.12,,,
PW7807,23-C-202E,Lucas,67.45,33.05,21.2,
PW7807,23-C-202E,Crawfordsville,78.22,33.65,21.05,2.1
PW7807,23-C-202E,Ames01,84.98,35.55,20.15,2.1
SC4526,23-C-202E,Crawfordsville,82.01,32.6,21.65,2.5
SC4526,23-C-202E,Jerico,64.71,,,
SC4526,23-C-202E,Sutherland,81.41,,,2.3
SC4526,23-C-202E,Lucas,79.71,32.15,21.7,
SC4526,23-C-202E,Ames02,71.36,,,
SC4526,23-C-202E,Ames01,84.85,34.3,20.85,2.5
VK6355,23-C-202E,Ames01,88,34.85,20,2.7
VK6355,23-C-202E,Jerico,65.87,,,
VK6355,23-C-202E,Lucas,71.26,32.3,21.05,
VK6355,23-C-202E,Sutherland,82.08,,,2.9
VK6355,23-C-202E,Ames02,69.56,,,
VK6355,23-C-202E,Crawfordsville,84.56,32.8,20.7,2.7
YV5970,23-C-202E,Ames02,68.14,,,
YV5970,23-C-202E,Jerico,68.42,,,
YV5970,23-C-202E,Ames01,91.2,34.95,20.5,2.3
YV5970,23-C-202E,Crawfordsville,85.48,33.1,21.45,2.5
YV5970,23-C-202E,Lucas,66,32.1,21.9,
YV5970,23-C-202E,Sutherland,67.33,,,2.1
GE1600,23-C-202E,Ames02,69.74,,,
GE1600,23-C-202E,Ames01,86.25,35.2,20.45,2.7
GE1600,23-C-202E,Sutherland,78.98,,,2.7
GE1600,23-C-202E,Crawfordsville,72.99,34.25,20.8,2.7
GE1600,23-C-202E,Lucas,66.87,32.8,21.55,
GE1600,23-C-202E,Jerico,66.56,,,
HJ9257,23-C-202E,Ames01,63.15,34.95,20.7,2.3
HJ9257,23-C-202E,Crawfordsville,86.52,33.4,21.1,2.3
HJ9257,23-C-202E,Jerico,59.4,,,
HJ9257,23-C-202E,Sutherland,81.69,,,2.5
HJ9257,23-C-202E,Ames02,67.65,,,
HJ9257,23-C-202E,Lucas,68.3,33,21.35,
RL3964,23-C-202E,Jerico,69.7,,,
RL3964,23-C-202E,Sutherland,73.26,,,2.3
RL3964,23-C-202E,Ames01,69,35.2,20.5,2.3
RL3964,23-C-202E,Lucas,76.37,32.85,21.65,
RL3964,23-C-202E,Ames02,65.71,,,
RL3964,23-C-202E,Crawfordsville,85.72,33.2,21.05,2.5
FZ7673,23-C-202E,Ames01,80.81,35.55,20.05,1.9
FZ7673,23-C-202E,Lucas,80.57,33.9,20.4,
FZ7673,23-C-202E,Jerico,72.67,,,
FZ7673,23-C-202E,Ames02,67.56,,,
FZ7673,23-C-202E,Sutherland,82.4,,,2.1
FZ7673,23-C-202E,Crawfordsville,79.1,33.35,20.8,1.9
HR9463,23-C-202E,Sutherland,68.5,,,2.1
HR9463,23-C-202E,Ames02,71.64,,,
HR9463,23-C-202E,Ames01,84.61,35.7,19.95,2.3
HR9463,23-C-202E,Jerico,71.07,,,
HR9463,23-C-202E,Lucas,68.84,33.8,20.75,
HR9463,23-C-202E,Crawfordsville,79.6,33.4,20.65,2.3
OP5086,23-C-202E,Lucas,61.77,35.35,19.95,
OP5086,23-C-202E,Sutherland,74.73,,,2.1
OP5086,23-C-202E,Jerico,71.56,,,
OP5086,23-C-202E,Ames02,60.63,,,
OP5086,23-C-202E,Crawfordsville,77.65,35.15,20.15,2.3
OP5086,23-C-202E,Ames01,87.93,37.05,19.45,2.3
ZG3641,23-C-202E,Ames01,79.21,35.65,19.7,2.5
ZG3641,23-C-202E,Crawfordsville,90.33,34.6,20.45,2.3
ZG3641,23-C-202E,Lucas,77.34,33.65,20.55,
ZG3641,23-C-202E,Jerico,69.55,,,
ZG3641,23-C-202E,Ames02,66.75,,,
ZG3641,23-C-202E,Sutherland,65.21,,,2.1
GT6176,23-C-202E,Crawfordsville,69.48,33.75,21,2.1
GT6176,23-C-202E,Ames02,60.39,,,
GT6176,23-C-202E,Jerico,65.58,,,
GT6176,23-C-202E,Lucas,67.73,33.9,20.55,
GT6176,23-C-202E,Sutherland,63.64,,,2.1
GT6176,23-C-202E,Ames01,81.15,35.4,20.05,2.3
ZN2547,23-C-202E,Jerico,71.11,,,
ZN2547,23-C-202E,Ames01,70.24,34.6,20.95,1.9
ZN2547,23-C-202E,Lucas,77.56,33.45,21.35,
ZN2547,23-C-202E,Crawfordsville,70.29,33.2,21.55,2.1
ZN2547,23-C-202E,Sutherland,74.5,,,2.1
ZN2547,23-C-202E,Ames02,64.68,,,
OJ0842,23-C-202E,Ames01,81.8,35.4,20.85,2.5
OJ0842,23-C-202E,Ames02,76.15,,,
OJ0842,23-C-202E,Jerico,67.27,,,
OJ0842,23-C-202E,Crawfordsville,91.2,34.85,21.2,2.5
OJ0842,23-C-202E,Lucas,72.87,34.6,21.05,
OJ0842,23-C-202E,Sutherland,81.92,,,2.3
MA7947,23-C-202E,Lucas,74.65,34.3,20.5,
MA7947,23-C-202E,Crawfordsville,83.44,34.85,20.3,2.7
MA7947,23-C-202E,Ames02,65.97,,,
MA7947,23-C-202E,Jerico,63.21,,,
MA7947,23-C-202E,Sutherland,66.27,,,2.3
MA7947,23-C-202E,Ames01,81.85,35.9,20.1,2.7
MN3857,23-C-202E,Lucas,68.51,34.05,21.7,
MN3857,23-C-202E,Jerico,63.47,,,
MN3857,23-C-202E,Sutherland,79.05,,,2.5
MN3857,23-C-202E,Ames02,66.73,,,
MN3857,23-C-202E,Ames01,81.43,34.85,21.15,2.5
MN3857,23-C-202E,Crawfordsville,83.03,34.25,21.45,2.7
KX2844,23-C-202E,Crawfordsville,69.31,32.45,21.6,2.1
KX2844,23-C-202E,Ames02,57.07,,,
KX2844,23-C-202E,Ames01,78.82,34.65,20.8,2.3
KX2844,23-C-202E,Lucas,66.19,32.95,21.55,
KX2844,23-C-202E,Jerico,62.09,,,
KX2844,23-C-202E,Sutherland,62.55,,,2.3
TK8454,23-C-202E,Ames01,83.62,34.85,20.65,2.1
TK8454,23-C-202E,Ames02,56.87,,,
TK8454,23-C-202E,Crawfordsville,78.19,33.7,20.75,2.3
TK8454,23-C-202E,Lucas,71.69,34.05,20.9,
TK8454,23-C-202E,Sutherland,70.94,,,2.3
TK8454,23-C-202E,Jerico,60.27,,,
TG7557,23-C-202E,Lucas,71.54,33.6,20.95,
TG7557,23-C-202E,Jerico,63.33,,,
TG7557,23-C-202E,Ames01,88.9,34.6,20.8,2.5
TG7557,23-C-202E,Ames02,63.82,,,
TG7557,23-C-202E,Crawfordsville,76.04,33.35,21.05,2.5
TG7557,23-C-202E,Sutherland,73.11,,,2.3
EI2643,23-C-202E,Jerico,62.03,,,
EI2643,23-C-202E,Sutherland,76.56,,,2.1
EI2643,23-C-202E,Lucas,63.52,34.15,21.1,
EI2643,23-C-202E,Ames02,63.03,,,
EI2643,23-C-202E,Ames01,87.29,35.7,20.2,2.3
EI2643,23-C-202E,Crawfordsville,73.77,34.5,20.35,2.3
JD1100,23-C-202E,Lucas,62.94,34.95,20.9,
JD1100,23-C-202E,Ames01,69.06,36.9,19.8,1.9
JD1100,23-C-202E,Ames02,65.29,,,
JD1100,23-C-202E,Jerico,65.32,,,
JD1100,23-C-202E,Crawfordsville,77.02,34.7,20.8,2.1
JD1100,23-C-202E,Sutherland,56.65,,,2.1
NH0860,23-C-202E,Jerico,72.56,,,
NH0860,23-C-202E,Ames02,61.95,,,
NH0860,23-C-202E,Sutherland,70.24,,,2.1
NH0860,23-C-202E,Ames01,76.79,35.1,19.4,2.5
NH0860,23-C-202E,Crawfordsville,78.67,35,20.4,2.3
NH0860,23-C-202E,Lucas,75.39,35.2,20.25,
TL8478,23-C-202E,Ames02,68.17,,,
TL8478,23-C-202E,Crawfordsville,85.24,34.7,20.6,2.3
TL8478,23-C-202E,Jerico,65.25,,,
TL8478,23-C-202E,Lucas,77.27,34.95,20.45,
TL8478,23-C-202E,Ames01,79.74,36.05,20.45,2.1
TL8478,23-C-202E,Sutherland,59.63,,,2.1
FV6403,23-C-202E,Sutherland,65.97,,,2.1
FV6403,23-C-202E,Jerico,72.43,,,
FV6403,23-C-202E,Lucas,86.11,34.95,20.4,
FV6403,23-C-202E,Ames02,66.03,,,
FV6403,23-C-202E,Ames01,86.87,35.75,20.35,2.5
FV6403,23-C-202E,Crawfordsville,84.37,35.1,20.65,2.3
PV3442,23-C-202E,Crawfordsville,79.6,35.3,20.5,2.3
PV3442,23-C-202E,Ames02,66.78,,,
PV3442,23-C-202E,Ames01,78.79,35.8,20.5,2.3
PV3442,23-C-202E,Lucas,79.44,34.15,21.1,
PV3442,23-C-202E,Jerico,68.11,,,
PV3442,23-C-202E,Sutherland,74.93,,,1.9
JZ4190,23-C-202E,Ames01,85.45,36.75,19.35,2.1
JZ4190,23-C-202E,Crawfordsville,82.89,34.8,19.9,2.1
JZ4190,23-C-202E,Ames02,63.48,,,
JZ4190,23-C-202E,Lucas,78.19,35.4,19.9,
JZ4190,23-C-202E,Sutherland,66.09,,,2.1
JZ4190,23-C-202E,Jerico,70.32,,,
GO8660,23-C-203E,Lucas,74.35,33.85,20.6,
GO8660,23-C-203E,Sutherland,75.46,,,2.7
GO8660,23-C-203E,Ames01,68.87,35.4,19.8,2.5
GO8660,23-C-203E,Jerico,65.43,,,
GO8660,23-C-203E,Crawfordsville,90.33,35.25,19.25,2.9
GO8660,23-C-203E,Ames02,72.63,,,
VI4582,23-C-203E,Crawfordsville,74.55,34.4,20.2,2.1
VI4582,23-C-203E,Lucas,62.54,35.15,20.15,
VI4582,23-C-203E,Ames02,60.69,,,
VI4582,23-C-203E,Ames01,76.73,36,19.75,2.1
VI4582,23-C-203E,Jerico,63.67,,,
VI4582,23-C-203E,Sutherland,66.59,,,1.9
HT0628,23-C-203E,Sutherland,64.74,,,1.9
HT0628,23-C-203E,Jerico,62.42,,,
HT0628,23-C-203E,Ames02,65.02,,,
HT0628,23-C-203E,Lucas,62.64,35.05,20,
HT0628,23-C-203E,Crawfordsville,74.1,34,20.6,2.1
HT0628,23-C-203E,Ames01,80.11,35.8,19.65,1.9
KE6251,23-C-203E,Ames02,68.96,,,
KE6251,23-C-203E,Sutherland,70.06,,,1.9
KE6251,23-C-203E,Jerico,62.65,,,
KE6251,23-C-203E,Ames01,77.35,36.7,19.6,2.1
KE6251,23-C-203E,Crawfordsville,75.12,34.3,20.55,2.1
KE6251,23-C-203E,Lucas,66.29,34.7,20.2,
ZV3340,23-C-203E,Ames01,80.46,35.8,20,2.1
ZV3340,23-C-203E,Jerico,51.15,,,
ZV3340,23-C-203E,Sutherland,61.31,,,1.9
ZV3340,23-C-203E,Ames02,59.76,,,
ZV3340,23-C-203E,Lucas,61.72,34.7,20.3,
ZV3340,23-C-203E,Crawfordsville,75.28,33.8,20.8,2.1
VD6259,23-C-203E,Ames02,64.26,,,
VD6259,23-C-203E,Sutherland,69.02,,,2.1
VD6259,23-C-203E,Lucas,67.38,34.7,20.2,
VD6259,23-C-203E,Crawfordsville,78.57,33.5,20.25,1.9
VD6259,23-C-203E,Ames01,79.68,36.05,19.8,2.1
VD6259,23-C-203E,Jerico,67.87,,,
FB0606,23-C-203E,Crawfordsville,78.12,33.85,20.4,2.5
FB0606,23-C-203E,Sutherland,68.49,,,2.3
FB0606,23-C-203E,Lucas,70.91,34.9,20.25,
FB0606,23-C-203E,Ames02,61.33,,,
FB0606,23-C-203E,Ames01,84.28,36.4,19.55,2.1
FB0606,23-C-203E,Jerico,63.38,,,
OU9280,23-C-203E,Sutherland,67.41,,,1.9
OU9280,23-C-203E,Ames01,80.89,36.45,19.7,2.1
OU9280,23-C-203E,Ames02,67.47,,,
OU9280,23-C-203E,Lucas,62.97,35.45,20.05,
OU9280,23-C-203E,Crawfordsville,82.08,34.15,20.35,2.5
OU9280,23-C-203E,Jerico,65.51,,,
WF7583,23-C-203E,Ames01,82.97,35.75,19.8,2.9
WF7583,23-C-203E,Lucas,63.58,34.6,20.75,
WF7583,23-C-203E,Jerico,48.62,,,
WF7583,23-C-203E,Ames02,63.75,,,
WF7583,23-C-203E,Crawfordsville,72.6,34.05,20.55,2.7
WF7583,23-C-203E,Sutherland,70.04,,,2.7
BF3198,23-C-203E,Ames01,79.13,36.7,19.45,1.9
BF3198,23-C-203E,Sutherland,67.48,,,2.1
BF3198,23-C-203E,Ames02,63.96,,,
BF3198,23-C-203E,Lucas,53.98,34.65,20.45,
BF3198,23-C-203E,Crawfordsville,78.49,35.65,19.55,2.1
BF3198,23-C-203E,Jerico,70.03,,,
SR8586,23-C-203E,Ames01,83.67,36.8,19.25,2.5
SR8586,23-C-203E,Lucas,61.83,36,19.7,
SR8586,23-C-203E,Ames02,55.84,,,
SR8586,23-C-203E,Sutherland,63.19,,,2.3
SR8586,23-C-203E,Crawfordsville,81.06,36.35,19.05,2.7
SR8586,23-C-203E,Jerico,62.29,,,
CZ6700,23-C-203E,Ames02,62.76,,,
CZ6700,23-C-203E,Crawfordsville,80.96,35,20.1,2.1
CZ6700,23-C-203E,Lucas,64.89,35.05,20.1,
CZ6700,23-C-203E,Ames01,89.28,36.05,19.7,1.9
CZ6700,23-C-203E,Jerico,66.56,,,
CZ6700,23-C-203E,Sutherland,75.03,,,2.1
PT9124,23-C-203E,Ames01,74.45,37.1,18.8,2.7
PT9124,23-C-203E,Lucas,60.91,36.15,19.75,
PT9124,23-C-203E,Jerico,63.49,,,
PT9124,23-C-203E,Sutherland,72.97,,,2.7
PT9124,23-C-203E,Ames02,70.89,,,
PT9124,23-C-203E,Crawfordsville,75.68,36.2,19.15,2.7
ZL7498,23-C-203E,Ames02,63.99,,,
ZL7498,23-C-203E,Lucas,71.45,34.25,20.3,
ZL7498,23-C-203E,Crawfordsville,71.42,34.45,19.45,2.3
ZL7498,23-C-203E,Sutherland,65.15,,,2.1
ZL7498,23-C-203E,Jerico,61.27,,,
ZL7498,23-C-203E,Ames01,61.17,35.95,19.5,2.3
LK6972,23-C-203E,Sutherland,72.08,,,2.3
LK6972,23-C-203E,Ames01,53.6,36.25,19.5,2.3
LK6972,23-C-203E,Lucas,68.96,34,20.35,
LK6972,23-C-203E,Ames02,71.22,,,
LK6972,23-C-203E,Jerico,63.06,,,
LK6972,23-C-203E,Crawfordsville,75.24,34.1,20.05,2.5
GA8687,23-C-203E,Ames01,83.61,35.8,19.5,2.1
GA8687,23-C-203E,Sutherland,73.39,,,1.9
GA8687,23-C-203E,Lucas,65.56,34.45,20.2,
GA8687,23-C-203E,Crawfordsville,82.34,33.95,20.15,2.3
GA8687,23-C-203E,Jerico,60.3,,,
GA8687,23-C-203E,Ames02,63.99,,,
GW5173,23-C-203E,Ames02,67.09,,,
GW5173,23-C-203E,Ames01,73.17,35.3,19.8,2.3
GW5173,23-C-203E,Jerico,63.83,,,
GW5173,23-C-203E,Crawfordsville,76.41,33.8,20.05,2.3
GW5173,23-C-203E,Lucas,66.54,34.65,20.05,
GW5173,23-C-203E,Sutherland,73.28,,,1.9
JP4364,23-C-203E,Lucas,63.31,34.3,20.15,
JP4364,23-C-203E,Ames01,64.9,36.35,19.4,2.3
JP4364,23-C-203E,Ames02,69.41,,,
JP4364,23-C-203E,Sutherland,74.2,,,2.1
JP4364,23-C-203E,Crawfordsville,84,34.4,19.8,2.3
JP4364,23-C-203E,Jerico,56.56,,,
WW6891,23-C-203E,Jerico,65.16,,,
WW6891,23-C-203E,Ames02,73.15,,,
WW6891,23-C-203E,Crawfordsville,73.52,33.45,20.65,2.5
WW6891,23-C-203E,Sutherland,68.76,,,2.5
WW6891,23-C-203E,Ames01,83.99,34.5,20.6,2.5
WW6891,23-C-203E,Lucas,68.75,33,21.35,
IQ5066,23-C-203E,Sutherland,68.5,,,2.3
IQ5066,23-C-203E,Jerico,72.96,,,
IQ5066,23-C-203E,Crawfordsville,87.89,34.9,20.2,2.3
IQ5066,23-C-203E,Ames02,66.85,,,
IQ5066,23-C-203E,Ames01,89.78,36,19.85,2.1
IQ5066,23-C-203E,Lucas,67.35,34.55,20.5,
TN0437,23-C-203E,Lucas,68.69,34.55,20.3,
TN0437,23-C-203E,Jerico,72.32,,,
TN0437,23-C-203E,Sutherland,73.17,,,2.3
TN0437,23-C-203E,Ames01,87.62,35.4,19.9,2.1
TN0437,23-C-203E,Ames02,70.59,,,
TN0437,23-C-203E,Crawfordsville,86.1,34.3,19.95,3.1
OR2276,23-C-203E,Jerico,66.52,,,
OR2276,23-C-203E,Ames01,77.46,37.05,18.6,2.3
OR2276,23-C-203E,Crawfordsville,80.77,35.95,18.55,2.3
OR2276,23-C-203E,Lucas,70.39,36.3,18.9,
OR2276,23-C-203E,Ames02,67.93,,,
OR2276,23-C-203E,Sutherland,70.89,,,2.3
WD4762,23-C-203E,Crawfordsville,68.28,,,2.3
WD4762,23-C-203E,Ames01,74.45,35.35,20,2.5
WD4762,23-C-203E,Jerico,65.29,,,
WD4762,23-C-203E,Lucas,68.19,33.35,21.1,
WD4762,23-C-203E,Ames02,67.86,,,
WD4762,23-C-203E,Sutherland,74.59,,,2.5
LK1194,23-C-203E,Sutherland,79.79,,,2.5
LK1194,23-C-203E,Crawfordsville,71.25,34,20.5,2.1
LK1194,23-C-203E,Ames02,69.33,,,
LK1194,23-C-203E,Jerico,63.9,,,
LK1194,23-C-203E,Ames01,94.14,34.85,20.25,2.5
LK1194,23-C-203E,Lucas,64.66,33.5,20.75,
YB5850,23-C-203E,Ames01,73.18,35.4,19.75,2.1
YB5850,23-C-203E,Crawfordsville,79.67,34.55,19.75,2.9
YB5850,23-C-203E,Ames02,72.15,,,
YB5850,23-C-203E,Sutherland,68.5,,,2.1
YB5850,23-C-203E,Jerico,67.23,,,
YB5850,23-C-203E,Lucas,59.96,34.2,20.85,
JU5886,23-C-203E,Ames01,69.69,35.5,20.3,2.5
JU5886,23-C-203E,Crawfordsville,71.66,34,20.9,2.3
JU5886,23-C-203E,Lucas,64.2,33.9,21.15,
JU5886,23-C-203E,Jerico,67.69,,,
JU5886,23-C-203E,Sutherland,74.27,,,2.3
JU5886,23-C-203E,Ames02,68.12,,,
VM2633,23-C-203E,Crawfordsville,81.47,33.05,20.6,2.1
VM2633,23-C-203E,Ames01,83.45,34.3,20.4,2.1
VM2633,23-C-203E,Lucas,62.13,32.1,21.6,
VM2633,23-C-203E,Jerico,67.46,,,
VM2633,23-C-203E,Sutherland,74.05,,,2.3
VM2633,23-C-203E,Ames02,78.29,,,
AB8953,23-C-203E,Crawfordsville,81.1,33.45,20.6,2.3
AB8953,23-C-203E,Sutherland,73.89,,,2.5
AB8953,23-C-203E,Ames02,73.26,,,
AB8953,23-C-203E,Lucas,61.88,33,21.1,
AB8953,23-C-203E,Ames01,79.72,35.15,19.8,2.5
AB8953,23-C-203E,Jerico,60.25,,,
MC1851,23-C-203E,Crawfordsville,74.71,33.65,20.3,2.3
MC1851,23-C-203E,Ames01,81.59,34.6,20.4,2.3
MC1851,23-C-203E,Lucas,61.85,32.95,21.2,
MC1851,23-C-203E,Ames02,69.25,,,
MC1851,23-C-203E,Jerico,57.32,,,
MC1851,23-C-203E,Sutherland,70.75,,,2.3
BA0300,23-C-203E,Crawfordsville,75.17,34.6,20.2,2.3
BA0300,23-C-203E,Ames02,70.01,,,
BA0300,23-C-203E,Jerico,66.49,,,
BA0300,23-C-203E,Lucas,64.46,33.55,20.85,
BA0300,23-C-203E,Sutherland,81.62,,,2.3
BA0300,23-C-203E,Ames01,84.36,35.35,19.55,2.5
KY9153,23-C-203E,Crawfordsville,81.9,34.9,20.45,2.1
KY9153,23-C-203E,Jerico,71.15,,,
KY9153,23-C-203E,Ames01,81.94,36.55,19.75,1.9
KY9153,23-C-203E,Lucas,67.75,35.95,19.65,
KY9153,23-C-203E,Sutherland,71.61,,,2.1
KY9153,23-C-203E,Ames02,73.37,,,
QV3207,23-C-203E,Jerico,67.42,,,
QV3207,23-C-203E,Sutherland,61.19,,,2.1
QV3207,23-C-203E,Ames01,72.36,36.9,18.95,2.7
QV3207,23-C-203E,Ames02,66.96,,,
QV3207,23-C-203E,Crawfordsville,74.25,36.35,19.1,2.1
QV3207,23-C-203E,Lucas,67.37,36.25,19.55,
XM7861,23-C-203E,Jerico,68.68,,,
XM7861,23-C-203E,Sutherland,70.66,,,2.1
XM7861,23-C-203E,Lucas,63.13,34.9,20.4,
XM7861,23-C-203E,Ames01,82.02,36.1,19.75,2.1
XM7861,23-C-203E,Ames02,66.46,,,
XM7861,23-C-203E,Crawfordsville,81.84,34.2,20.25,2.5
BX3082,23-C-203E,Jerico,64.09,,,
BX3082,23-C-203E,Lucas,70.14,34.85,19.9,
BX3082,23-C-203E,Ames02,66.6,,,
BX3082,23-C-203E,Ames01,64.66,35.85,19.6,2.3
BX3082,23-C-203E,Crawfordsville,87.31,35,19.5,2.9
BX3082,23-C-203E,Sutherland,74.89,,,2.5
JZ4190,23-C-203E,Sutherland,70.41,,,2.1
JZ4190,23-C-203E,Ames01,93.24,36.3,19.55,2.1
JZ4190,23-C-203E,Lucas,68.88,35.3,20,
JZ4190,23-C-203E,Jerico,65.24,,,
JZ4190,23-C-203E,Ames02,65.46,,,
JZ4190,23-C-203E,Crawfordsville,87.56,34.6,19.5,2.1
GP1098,23-C-204E,Lucas,62.4,37,19.9,
GP1098,23-C-204E,Jerico,56.99,,,
GP1098,23-C-204E,Sutherland,63.29,,,2.3
GP1098,23-C-204E,Crawfordsville,84.4,36.7,20.05,2.9
GP1098,23-C-204E,Ames02,61.48,,,
GP1098,23-C-204E,Ames01,77.63,37.6,19.4,3.1
IG6967,23-C-204E,Ames01,77.33,36.25,19.95,2.1
IG6967,23-C-204E,Jerico,54.8,,,
IG6967,23-C-204E,Crawfordsville,83.2,35.95,19.5,2.3
IG6967,23-C-204E,Lucas,58.72,36.1,19.9,
IG6967,23-C-204E,Ames02,68.36,,,
UE0111,23-C-204E,Ames02,65.77,,,
UE0111,23-C-204E,Crawfordsville,71.97,36.5,19.6,2.3
UE0111,23-C-204E,Ames01,71.97,37.55,19.2,2.3
UE0111,23-C-204E,Lucas,63.09,36.85,19.6,
UE0111,23-C-204E,Jerico,65.25,,,
UE0111,23-C-204E,Sutherland,70.98,,,2.3
WG1422,23-C-204E,Ames02,69.19,,,
WG1422,23-C-204E,Lucas,54.54,36.9,19.65,
WG1422,23-C-204E,Crawfordsville,76.73,35.65,20.1,2.1
WG1422,23-C-204E,Ames01,72.63,37.2,19,2.1
WG1422,23-C-204E,Sutherland,65.64,,,
WG1422,23-C-204E,Jerico,67.12,,,
IM3733,23-C-204E,Sutherland,73.39,,,2.3
IM3733,23-C-204E,Ames01,74.02,37.2,19.5,2.5
IM3733,23-C-204E,Lucas,70.98,35.95,20.8,
IM3733,23-C-204E,Jerico,65.39,,,
IM3733,23-C-204E,Ames02,75.23,,,
IM3733,23-C-204E,Crawfordsville,87.07,35.85,20.4,2.5
XE8006,23-C-204E,Lucas,58,37.4,19.4,
XE8006,23-C-204E,Sutherland,68.89,,,2.1
XE8006,23-C-204E,Ames01,73.36,37.6,19.05,2.1
XE8006,23-C-204E,Crawfordsville,74.97,36.9,19.4,1.9
XE8006,23-C-204E,Jerico,70.27,,,
XE8006,23-C-204E,Ames02,72.6,,,
RV7070,23-C-204E,Ames02,75.38,,,
RV7070,23-C-204E,Ames01,76.2,36.8,19.4,2.1
RV7070,23-C-204E,Sutherland,68.84,,,1.9
RV7070,23-C-204E,Crawfordsville,80.71,36.2,19.65,2.1
RV7070,23-C-204E,Jerico,67.37,,,
RV7070,23-C-204E,Lucas,58.78,36.25,19.7,
DI4903,23-C-204E,Jerico,62.65,,,
DI4903,23-C-204E,Ames02,76,,,
DI4903,23-C-204E,Ames01,79.54,35.85,19.65,2.7
DI4903,23-C-204E,Sutherland,63.47,,,2.5
DI4903,23-C-204E,Crawfordsville,96.03,35.1,19.95,2.7
DI4903,23-C-204E,Lucas,77.62,35.15,20.15,
BA1943,23-C-204E,Jerico,60.58,,,
BA1943,23-C-204E,Ames02,72.43,,,
BA1943,23-C-204E,Ames01,87.33,36.65,18.85,2.7
BA1943,23-C-204E,Lucas,66.32,35.7,19.95,
BA1943,23-C-204E,Crawfordsville,84.95,35.9,19.7,2.5
BA1943,23-C-204E,Sutherland,67.36,,,2.3
JR9110,23-C-204E,Ames02,73.05,,,
JR9110,23-C-204E,Sutherland,73.88,,,2.3
JR9110,23-C-204E,Jerico,56.91,,,
JR9110,23-C-204E,Lucas,67.38,35.3,20.65,
JR9110,23-C-204E,Ames01,78.07,36.05,19.7,2.7
JR9110,23-C-204E,Crawfordsville,88.46,34.45,20.5,2.5
ZM1659,23-C-204E,Ames01,73.1,36,20.1,2.3
ZM1659,23-C-204E,Crawfordsville,76.79,35.05,20.45,2.1
ZM1659,23-C-204E,Ames02,70.97,,,
ZM1659,23-C-204E,Jerico,60.18,,,
ZM1659,23-C-204E,Sutherland,68.92,,,2.3
ZM1659,23-C-204E,Lucas,62.22,34.6,20.95,
CU9336,23-C-204E,Jerico,64.72,,,
CU9336,23-C-204E,Ames02,68.53,,,
CU9336,23-C-204E,Crawfordsville,81.1,36,19.8,2.1
CU9336,23-C-204E,Sutherland,64.52,,,2.1
CU9336,23-C-204E,Lucas,64.92,35.9,19.9,
CU9336,23-C-204E,Ames01,78.5,36.8,19.3,2.3
FK3713,23-C-204E,Ames01,78.62,37.5,18.8,2.5
FK3713,23-C-204E,Ames02,69.76,,,
FK3713,23-C-204E,Sutherland,72.74,,,2.3
FK3713,23-C-204E,Lucas,63.6,37.4,19.25,
FK3713,23-C-204E,Jerico,61.95,,,
FK3713,23-C-204E,Crawfordsville,85.66,37.4,18.85,2.5
NY4928,23-C-204E,Jerico,66.61,,,
NY4928,23-C-204E,Ames02,67.67,,,
NY4928,23-C-204E,Lucas,61.36,36.45,20.05,
NY4928,23-C-204E,Ames01,73.74,37,19.45,2.3
NY4928,23-C-204E,Sutherland,72.5,,,2.1
NY4928,23-C-204E,Crawfordsville,74.93,36.1,19.75,2.1
NM3951,23-C-204E,Jerico,61.12,,,
NM3951,23-C-204E,Lucas,57.42,37.5,19.2,
NM3951,23-C-204E,Crawfordsville,73.62,36.05,19.65,2.3
NM3951,23-C-204E,Sutherland,43.41,,,2.3
NM3951,23-C-204E,Ames02,66.7,,,
NM3951,23-C-204E,Ames01,75.28,37.95,18.95,2.1
KP4913,23-C-204E,Lucas,60.28,34.65,20.55,
KP4913,23-C-204E,Crawfordsville,81.9,34.55,20.65,2.3
KP4913,23-C-204E,Jerico,62.77,,,
KP4913,23-C-204E,Ames02,68.25,,,
KP4913,23-C-204E,Sutherland,76.36,,,2.1
KP4913,23-C-204E,Ames01,95.45,36.15,19.75,2.3
EZ2899,23-C-204E,Ames01,79.12,35.35,20.15,2.3
EZ2899,23-C-204E,Jerico,64.07,,,
EZ2899,23-C-204E,Lucas,55.52,34.35,20.85,
EZ2899,23-C-204E,Sutherland,71.14,,,2.1
EZ2899,23-C-204E,Crawfordsville,76.58,33.8,20.85,2.3
EZ2899,23-C-204E,Ames02,68.16,,,
HZ9373,23-C-204E,Sutherland,69,,,2.5
HZ9373,23-C-204E,Crawfordsville,87.31,35.95,19.9,2.5
HZ9373,23-C-204E,Ames02,73.45,,,
HZ9373,23-C-204E,Jerico,65.07,,,
HZ9373,23-C-204E,Ames01,92.21,37.25,19.15,2.5
HZ9373,23-C-204E,Lucas,65.97,36.15,20.05,
NU3101,23-C-204E,Ames01,78.27,37.55,18.85,2.7
NU3101,23-C-204E,Jerico,70.16,,,
NU3101,23-C-204E,Ames02,76.72,,,
NU3101,23-C-204E,Sutherland,65.75,,,2.5
NU3101,23-C-204E,Lucas,63.69,36.45,20,
NU3101,23-C-204E,Crawfordsville,86.66,35.85,19.85,2.5
EA2388,23-C-204E,Ames01,83.04,37.15,19.05,2.5
EA2388,23-C-204E,Ames02,67.87,,,
EA2388,23-C-204E,Crawfordsville,82.61,35.65,19.9,2.3
EA2388,23-C-204E,Jerico,67.38,,,
EA2388,23-C-204E,Sutherland,62.04,,,2.1
EA2388,23-C-204E,Lucas,62.6,35.4,20.25,
JF6283,23-C-204E,Jerico,64.78,,,
JF6283,23-C-204E,Ames01,86.39,37.4,18.85,2.5
JF6283,23-C-204E,Ames02,71.87,,,
JF6283,23-C-204E,Sutherland,65.43,,,2.3
JF6283,23-C-204E,Lucas,61.07,35.85,20.2,
JF6283,23-C-204E,Crawfordsville,82.18,36,20,2.5
JD1685,23-C-204E,Ames01,78.35,37.05,19.1,2.5
JD1685,23-C-204E,Ames02,73.68,,,
JD1685,23-C-204E,Lucas,68.43,35.65,20.4,
JD1685,23-C-204E,Jerico,62.41,,,
JD1685,23-C-204E,Crawfordsville,82.51,36.5,19.8,2.5
JD1685,23-C-204E,Sutherland,63.19,,,2.3
OG9194,23-C-204E,Crawfordsville,79.58,35.5,20.2,2.5
OG9194,23-C-204E,Ames02,76.39,,,
OG9194,23-C-204E,Sutherland,66.56,,,2.5
OG9194,23-C-204E,Ames01,85.45,37.7,18.9,2.5
OG9194,23-C-204E,Lucas,67.6,36.1,20.05,
OG9194,23-C-204E,Jerico,71.45,,,
GT9311,23-C-204E,Lucas,67.57,33.75,20.25,
GT9311,23-C-204E,Ames01,85.1,34.8,19.6,2.5
GT9311,23-C-204E,Jerico,65.97,,,
GT9311,23-C-204E,Ames02,76.28,,,
GT9311,23-C-204E,Crawfordsville,81.7,32.8,20.65,2.5
GT9311,23-C-204E,Sutherland,76.75,,,2.5
LI8085,23-C-204E,Ames01,81.54,36.1,19.8,2.1
LI8085,23-C-204E,Ames02,75.86,,,
LI8085,23-C-204E,Crawfordsville,82.22,33.7,21.15,2.3
LI8085,23-C-204E,Jerico,61.52,,,
LI8085,23-C-204E,Lucas,66.66,34.6,20.3,
HG9540,23-C-204E,Crawfordsville,83.22,33.95,21.15,2.5
HG9540,23-C-204E,Sutherland,83,,,2.7
HG9540,23-C-204E,Lucas,68.14,34.05,21.45,
HG9540,23-C-204E,Jerico,63.32,,,
HG9540,23-C-204E,Ames01,80.28,35.35,20.4,2.5
HG9540,23-C-204E,Ames02,74.51,,,
UX9549,23-C-204E,Ames01,81.32,34.75,20.3,2.3
UX9549,23-C-204E,Crawfordsville,79.55,32.95,20.65,2.3
UX9549,23-C-204E,Jerico,59.93,,,
UX9549,23-C-204E,Ames02,69.07,,,
UX9549,23-C-204E,Lucas,67.01,33.1,21.45,
UX9549,23-C-204E,Sutherland,78.63,,,2.5
JV3729,23-C-204E,Sutherland,77.22,,,2.7
JV3729,23-C-204E,Ames02,75.67,,,
JV3729,23-C-204E,Lucas,71.54,35.5,19.35,
JV3729,23-C-204E,Ames01,84.02,35.35,19.25,2.9
JV3729,23-C-204E,Jerico,60.88,,,
JV3729,23-C-204E,Crawfordsville,86.24,34.9,19.3,2.7
AM6762,23-C-204E,Sutherland,71.98,,,2.3
AM6762,23-C-204E,Jerico,69.9,,,
AM6762,23-C-204E,Lucas,67,33.25,21.1,
AM6762,23-C-204E,Ames01,79.76,34.85,20.45,2.3
AM6762,23-C-204E,Crawfordsville,88.4,32.4,21.25,2.3
AM6762,23-C-204E,Ames02,73.34,,,
MO7801,23-C-204E,Ames02,66.97,,,
MO7801,23-C-204E,Lucas,61.87,31.65,22.6,
MO7801,23-C-204E,Crawfordsville,75.06,32.7,21.85,2.3
MO7801,23-C-204E,Ames01,77.18,33.9,21.35,2.3
MO7801,23-C-204E,Jerico,56.83,,,
MO7801,23-C-204E,Sutherland,68.26,,,2.1
VV7170,23-C-204E,Ames02,57.08,,,
VV7170,23-C-204E,Jerico,67.43,,,
VV7170,23-C-204E,Lucas,66.4,33.2,20.85,
VV7170,23-C-204E,Crawfordsville,82.33,33.75,20.6,2.5
VV7170,23-C-204E,Ames01,84.56,34.15,20.3,2.5
VV7170,23-C-204E,Sutherland,75.17,,,2.5
UU6620,23-C-204E,Crawfordsville,79.66,34.55,20.65,2.3
UU6620,23-C-204E,Ames02,71.29,,,
UU6620,23-C-204E,Ames01,82.66,36,19.85,2.5
UU6620,23-C-204E,Lucas,59.24,34.3,20.75,
UU6620,23-C-204E,Jerico,62.62,,,
UU6620,23-C-204E,Sutherland,64.66,,,2.1
TV0069,23-C-204E,Ames02,68.53,,,
TV0069,23-C-204E,Sutherland,58,,,2.1
TV0069,23-C-204E,Jerico,60.18,,,
TV0069,23-C-204E,Crawfordsville,84.23,36.2,18.85,2.1
TV0069,23-C-204E,Lucas,63.32,35.7,19.4,
TV0069,23-C-204E,Ames01,72.97,37.05,19.05,2.1
FJ0019,23-C-204E,Crawfordsville,82.81,35.2,20.1,2.1
FJ0019,23-C-204E,Jerico,62.09,,,
FJ0019,23-C-204E,Ames01,68.91,36.15,19.85,2.1
FJ0019,23-C-204E,Ames02,65.52,,,
FJ0019,23-C-204E,Lucas,64.11,35.2,20.35,
FJ0019,23-C-204E,Sutherland,60.85,,,2.1
BD7470,23-C-204E,Sutherland,63.28,,,2.5
BD7470,23-C-204E,Jerico,58.5,,,
BD7470,23-C-204E,Ames02,71.62,,,
BD7470,23-C-204E,Crawfordsville,86.09,35.05,20,2.5
BD7470,23-C-204E,Ames01,79.28,36.4,19.25,2.3
BD7470,23-C-204E,Lucas,68.31,35.45,20.1,
RO7856,23-C-204E,Ames02,67.29,,,
RO7856,23-C-204E,Sutherland,66.49,,,1.9
RO7856,23-C-204E,Lucas,60.85,35.95,19.75,
RO7856,23-C-204E,Crawfordsville,74.31,35.6,19.75,2.1
RO7856,23-C-204E,Jerico,60.29,,,
RO7856,23-C-204E,Ames01,68.83,37.05,19.25,2.1
FT2669,23-C-204E,Ames02,77.02,,,
FT2669,23-C-204E,Ames01,79.37,37.75,18.75,2.3
FT2669,23-C-204E,Jerico,61.26,,,
FT2669,23-C-204E,Sutherland,67.18,,,2.1
FT2669,23-C-204E,Crawfordsville,81.77,35.85,19.6,2.1
FT2669,23-C-204E,Lucas,67.06,36.35,19.5,
QP7525,23-C-204E,Jerico,59.01,,,
QP7525,23-C-204E,Sutherland,75.54,,,2.3
QP7525,23-C-204E,Ames02,67.23,,,
QP7525,23-C-204E,Lucas,57.22,35.95,19.5,
QP7525,23-C-204E,Crawfordsville,83.27,36.3,18.9,2.1
QP7525,23-C-204E,Ames01,81.91,37.7,18.35,2.3
EE7714,23-C-204E,Ames02,73.15,,,
EE7714,23-C-204E,Lucas,61.71,36.9,19.25,
EE7714,23-C-204E,Sutherland,70.46,,,2.1
EE7714,23-C-204E,Crawfordsville,83.77,36.25,19.4,2.1
EE7714,23-C-204E,Jerico,68,,,
EE7714,23-C-204E,Ames01,71.19,38.05,18.25,2.3
LF7576,23-C-204E,Ames01,66.62,37.95,18.7,2.1
LF7576,23-C-204E,Jerico,64.62,,,
LF7576,23-C-204E,Sutherland,62.2,,,1.9
LF7576,23-C-204E,Crawfordsville,66.09,35.4,19.7,1.9
LF7576,23-C-204E,Ames02,64.33,,,
LF7576,23-C-204E,Lucas,55.72,37.3,19.3,
XA9596,23-C-204E,Ames02,68.36,,,
XA9596,23-C-204E,Jerico,54.21,,,
XA9596,23-C-204E,Sutherland,72,,,2.7
XA9596,23-C-204E,Crawfordsville,93.57,34.6,19.9,2.9
XA9596,23-C-204E,Lucas,66,34.05,20.55,
XA9596,23-C-204E,Ames01,74.57,35.1,20.05,2.7
WF7899,23-C-204E,Ames02,68.84,,,
WF7899,23-C-204E,Sutherland,75.07,,,2.7
WF7899,23-C-204E,Jerico,55.77,,,
WF7899,23-C-204E,Crawfordsville,78.48,34.75,20.55,2.3
WF7899,23-C-204E,Lucas,68.73,34.7,20.75,
WF7899,23-C-204E,Ames01,82.18,35.95,20.05,2.9
SX2872,23-C-204E,Sutherland,64.25,,,2.1
SX2872,23-C-204E,Ames02,70.69,,,
SX2872,23-C-204E,Crawfordsville,74.88,33.5,20.4,2.3
SX2872,23-C-204E,Jerico,66.99,,,
SX2872,23-C-204E,Ames01,78.33,35.25,19.75,1.7
SX2872,23-C-204E,Lucas,53.43,33.7,20.9,
JB2336,23-C-204E,Jerico,69.72,,,
JB2336,23-C-204E,Ames01,80.03,35.6,19.65,2.3
JB2336,23-C-204E,Ames02,73.33,,,
JB2336,23-C-204E,Sutherland,78.51,,,2.3
JB2336,23-C-204E,Lucas,63.59,34.6,19.6,
JB2336,23-C-204E,Crawfordsville,87.94,34.25,19.8,2.3
JZ4190,23-C-204E,Jerico,58.75,,,
JZ4190,23-C-204E,Sutherland,75.46,,,2.1
JZ4190,23-C-204E,Ames02,65.54,,,
JZ4190,23-C-204E,Ames01,88.36,36.3,19.35,2.1
JZ4190,23-C-204E,Crawfordsville,86,35.35,19.75,2.1
JZ4190,23-C-204E,Lucas,60.41,35.1,20,
PR1746,23-C-205L,Crawfordsville,96.14,33.75,21.15,2.9
PR1746,23-C-205L,Lucas,79.97,33.7,21.75,3.1
PR1746,23-C-205L,RockPort,81.42,,,
PR1746,23-C-205L,Ames02,81.64,,,
PR1746,23-C-205L,Urbana,64.06,,,
PR1746,23-C-205L,Ames01,99.45,34.9,20.7,3.3
AE9050,23-C-205L,Crawfordsville,84.54,34.1,20.3,2.5
AE9050,23-C-205L,Lucas,70.17,33.35,20.85,2.3
AE9050,23-C-205L,Ames01,85.44,35.05,19.6,2.7
AE9050,23-C-205L,Urbana,61.39,,,
AE9050,23-C-205L,Ames02,77.29,,,
AE9050,23-C-205L,RockPort,65.08,,,
RN4158,23-C-205L,Lucas,62.91,34.8,20.2,2.9
RN4158,23-C-205L,Ames02,67.82,,,
RN4158,23-C-205L,RockPort,61.74,,,
RN4158,23-C-205L,Urbana,56.53,,,
RN4158,23-C-205L,Ames01,80.39,35.2,19.55,3.1
RN4158,23-C-205L,Crawfordsville,88.41,35.1,19.6,2.9
MD7005,23-C-205L,Crawfordsville,86.23,33.7,20.45,2.5
MD7005,23-C-205L,Urbana,55.74,,,
MD7005,23-C-205L,Ames02,70.17,,,
MD7005,23-C-205L,Ames01,65.39,34.1,20.3,2.7
MD7005,23-C-205L,Lucas,63.53,33.2,21.1,2.5
MD7005,23-C-205L,RockPort,73.49,,,
ZF3479,23-C-205L,RockPort,67.03,,,
ZF3479,23-C-205L,Ames01,82.89,35.05,20.3,2.7
ZF3479,23-C-205L,Lucas,67.17,33.85,21.3,2.7
ZF3479,23-C-205L,Urbana,60.45,,,
ZF3479,23-C-205L,Ames02,73.38,,,
ZF3479,23-C-205L,Crawfordsville,81.26,34.65,20.65,2.7
KG5450,23-C-205L,RockPort,67.97,,,
KG5450,23-C-205L,Ames02,71.53,,,
KG5450,23-C-205L,Urbana,63.08,,,
KG5450,23-C-205L,Lucas,71.59,33.8,21.25,2.7
KG5450,23-C-205L,Crawfordsville,83.1,35.15,20,2.7
KG5450,23-C-205L,Ames01,76.27,35.5,19.6,3.1
RY2476,23-C-205L,Ames02,76.62,,,
RY2476,23-C-205L,Lucas,63.13,33.3,20.55,3.1
RY2476,23-C-205L,Urbana,62.67,,,
RY2476,23-C-205L,RockPort,70.81,,,
RY2476,23-C-205L,Ames01,74.42,35.25,19.4,3.1
RY2476,23-C-205L,Crawfordsville,83.79,34.7,19.6,2.9
EV0449,23-C-205L,Ames02,73.51,,,
EV0449,23-C-205L,Crawfordsville,82.57,33.15,20.1,2.7
EV0449,23-C-205L,Urbana,61.71,,,
EV0449,23-C-205L,Ames01,87.99,34.7,19.9,2.7
EV0449,23-C-205L,RockPort,69.04,,,
EV0449,23-C-205L,Lucas,63.96,32.55,21.2,2.7
KE3508,23-C-205L,Ames01,94.85,33.8,20.25,2.7
KE3508,23-C-205L,Urbana,61.24,,,
KE3508,23-C-205L,Ames02,74.89,,,
KE3508,23-C-205L,Lucas,68.66,32.8,21.15,2.7
KE3508,23-C-205L,RockPort,67.95,,,
KE3508,23-C-205L,Crawfordsville,89.95,34.15,20.05,2.7
NB3850,23-C-205L,RockPort,83.69,,,
NB3850,23-C-205L,Crawfordsville,95.81,33.1,20.6,2.9
NB3850,23-C-205L,Urbana,58.82,,,
NB3850,23-C-205L,Ames02,75.74,,,
NB3850,23-C-205L,Lucas,64.51,33.2,21.05,2.7
NB3850,23-C-205L,Ames01,89.11,33.95,20.5,2.5
VP1682,23-C-205L,Crawfordsville,88.4,33.85,20.65,2.7
VP1682,23-C-205L,Lucas,60.99,33.45,20.8,2.3
VP1682,23-C-205L,Urbana,61.13,,,
VP1682,23-C-205L,RockPort,55.19,,,
VP1682,23-C-205L,Ames02,68.61,,,
VP1682,23-C-205L,Ames01,79.87,34.4,20.25,2.7
CR8070,23-C-205L,Urbana,58.72,,,
CR8070,23-C-205L,Crawfordsville,81.68,33.2,20.45,2.9
CR8070,23-C-205L,Ames02,76.97,,,
CR8070,23-C-205L,RockPort,69.51,,,
CR8070,23-C-205L,Ames01,81.06,34.2,19.8,3.3
CR8070,23-C-205L,Lucas,74.34,33.2,20.85,2.9
MJ1809,23-C-205L,Crawfordsville,81.92,33.15,20.85,2.3
MJ1809,23-C-205L,Ames02,68.29,,,
MJ1809,23-C-205L,Lucas,67.55,33,20.65,2.7
MJ1809,23-C-205L,Ames01,91.74,33.55,20.75,2.5
MJ1809,23-C-205L,RockPort,62.28,,,
MJ1809,23-C-205L,Urbana,57.4,,,
HN6849,23-C-205L,Urbana,56.49,,,
HN6849,23-C-205L,Lucas,64.7,33,21.35,2.5
HN6849,23-C-205L,Ames02,71.97,,,
HN6849,23-C-205L,RockPort,68.48,,,
HN6849,23-C-205L,Crawfordsville,82.95,33.1,21.15,2.3
HN6849,23-C-205L,Ames01,83.2,33.95,20.6,2.5
XA2143,23-C-205L,RockPort,65.87,,,
XA2143,23-C-205L,Lucas,57.41,33.8,20.65,2.7
XA2143,23-C-205L,Urbana,55.5,,,
XA2143,23-C-205L,Ames02,75.88,,,
XA2143,23-C-205L,Ames01,91.52,34.5,20,2.5
XA2143,23-C-205L,Crawfordsville,84.65,34,20.35,2.7
MG7546,23-C-205L,Lucas,70.94,33.3,20.45,3.1
MG7546,23-C-205L,RockPort,79.91,,,
MG7546,23-C-205L,Ames01,91,34.2,19.85,3.3
MG7546,23-C-205L,Ames02,78.53,,,
MG7546,23-C-205L,Urbana,62.58,,,
MG7546,23-C-205L,Crawfordsville,82.14,32.95,20.4,2.7
KV7090,23-C-205L,Ames01,92.87,33.4,19.85,3.3
KV7090,23-C-205L,Urbana,58.34,,,
KV7090,23-C-205L,Ames02,69.99,,,
KV7090,23-C-205L,RockPort,81.16,,,
KV7090,23-C-205L,Lucas,78.84,32.6,20.75,2.9
KV7090,23-C-205L,Crawfordsville,87.09,32.95,20.25,2.5
DA7359,23-C-205L,RockPort,82.5,,,
DA7359,23-C-205L,Ames02,76.82,,,
DA7359,23-C-205L,Urbana,59.79,,,
DA7359,23-C-205L,Lucas,73.62,33.35,20.85,2.5
DA7359,23-C-205L,Crawfordsville,86.47,33.8,20.35,2.7
DA7359,23-C-205L,Ames01,93.11,34.15,20.55,2.5
PN3608,23-C-205L,Ames01,74.08,33.8,20.4,3.3
PN3608,23-C-205L,Lucas,66.97,32.35,21.2,2.7
PN3608,23-C-205L,Crawfordsville,80.91,32.45,20.95,2.7
PN3608,23-C-205L,Urbana,58.23,,,
PN3608,23-C-205L,RockPort,59.54,,,
PN3608,23-C-205L,Ames02,71.08,,,
NZ4616,23-C-205L,Urbana,63.01,,,
NZ4616,23-C-205L,RockPort,65.91,,,
NZ4616,23-C-205L,Crawfordsville,84,35.9,19.55,2.9
NZ4616,23-C-205L,Ames02,71,,,
NZ4616,23-C-205L,Ames01,87.91,35.75,19.45,2.7
NZ4616,23-C-205L,Lucas,60.91,35.55,20,3.1
DT8134,23-C-205L,RockPort,76.76,,,
DT8134,23-C-205L,Ames02,67.76,,,
DT8134,23-C-205L,Ames01,76.76,34,19.95,3.3
DT8134,23-C-205L,Lucas,64.28,32.5,21,2.7
DT8134,23-C-205L,Crawfordsville,78.23,33.2,20.7,2.7
DT8134,23-C-205L,Urbana,56.72,,,
OK6067,23-C-205L,RockPort,74.87,,,
OK6067,23-C-205L,Ames02,74.99,,,
OK6067,23-C-205L,Lucas,60.15,33.55,20.4,2.7
OK6067,23-C-205L,Crawfordsville,92.21,34.35,19.85,2.9
OK6067,23-C-205L,Urbana,64.93,,,
OK6067,23-C-205L,Ames01,86.58,34.6,20.05,3.3
IS4256,23-C-205L,Urbana,60.7,,,
IS4256,23-C-205L,Ames02,68.85,,,
IS4256,23-C-205L,RockPort,73.8,,,
IS4256,23-C-205L,Lucas,65.42,33.95,21.4,2.7
IS4256,23-C-205L,Ames01,64.98,,,3.5
IS4256,23-C-205L,Crawfordsville,67.18,34.25,20.35,2.9
AJ1731,23-C-205L,Ames01,70.67,36,19.25,2.5
AJ1731,23-C-205L,Urbana,52.26,,,
AJ1731,23-C-205L,Crawfordsville,80.44,34.65,19.9,2.5
AJ1731,23-C-205L,RockPort,63.26,,,
AJ1731,23-C-205L,Lucas,58.13,33.85,20.35,2.7
AJ1731,23-C-205L,Ames02,67.99,,,
IS4853,23-C-205L,Urbana,57.7,,,
IS4853,23-C-205L,Crawfordsville,85.93,34.25,20.45,2.7
IS4853,23-C-205L,Ames01,83.35,35.45,19.8,2.7
IS4853,23-C-205L,Lucas,68.63,33.9,20.9,2.7
IS4853,23-C-205L,RockPort,67.39,,,
IS4853,23-C-205L,Ames02,75.96,,,
TH1328,23-C-205L,Urbana,62.2,,,
TH1328,23-C-205L,RockPort,75.67,,,
TH1328,23-C-205L,Ames01,77.87,35.35,19.9,2.7
TH1328,23-C-205L,Ames02,70.82,,,
TH1328,23-C-205L,Crawfordsville,85.92,34.8,20,2.5
TH1328,23-C-205L,Lucas,70.76,34.15,20.5,2.7
YZ9621,23-C-205L,Ames02,79.11,,,
YZ9621,23-C-205L,Lucas,69.33,32.2,21.45,2.5
YZ9621,23-C-205L,Ames01,90.92,33.15,20.8,2.5
YZ9621,23-C-205L,RockPort,71.35,,,
YZ9621,23-C-205L,Urbana,61.18,,,
YZ9621,23-C-205L,Crawfordsville,92.34,32.65,20.85,2.5
TB8245,23-C-205L,Urbana,60.44,,,
TB8245,23-C-205L,Crawfordsville,81.45,34.8,20.6,2.3
TB8245,23-C-205L,Ames01,77.88,35.4,20.45,2.5
TB8245,23-C-205L,Ames02,64.24,,,
TB8245,23-C-205L,Lucas,67.02,34.25,21,2.5
TB8245,23-C-205L,RockPort,75.16,,,
DI9680,23-C-205L,Ames02,74.01,,,
DI9680,23-C-205L,Ames01,86.89,35.25,19.9,3.1
DI9680,23-C-205L,Lucas,63.66,33.55,20.6,2.9
DI9680,23-C-205L,RockPort,60.69,,,
DI9680,23-C-205L,Urbana,61.94,,,
DI9680,23-C-205L,Crawfordsville,81.74,34.35,20.1,2.9
AE1341,23-C-205L,Ames02,71.31,,,
AE1341,23-C-205L,Crawfordsville,85.75,34.35,19.4,3.1
AE1341,23-C-205L,Lucas,74.91,34.35,19.6,3.3
AE1341,23-C-205L,Ames01,84.28,34.85,19.55,2.9
AE1341,23-C-205L,RockPort,72.94,,,
AE1341,23-C-205L,Urbana,61.87,,,
XA8314,23-C-205L,RockPort,71.06,,,
XA8314,23-C-205L,Lucas,71.68,33.25,21.25,2.7
XA8314,23-C-205L,Ames02,70.56,,,
XA8314,23-C-205L,Crawfordsville,83.51,33.15,20.55,2.7
XA8314,23-C-205L,Urbana,54.42,,,
XA8314,23-C-205L,Ames01,84.09,34.2,20.55,2.5
NK5572,23-C-205L,Ames01,74.13,34.45,20.45,2.7
NK5572,23-C-205L,Urbana,56.72,,,
NK5572,23-C-205L,Ames02,69.18,,,
NK5572,23-C-205L,Crawfordsville,77.22,34.25,20.4,2.7
NK5572,23-C-205L,Lucas,71.27,33.85,20.95,2.5
NK5572,23-C-205L,RockPort,80.75,,,
XO0257,23-C-205L,Ames01,82.08,34.95,20.15,3.1
XO0257,23-C-205L,Ames02,75.53,,,
XO0257,23-C-205L,Crawfordsville,74.74,33.95,20.4,2.5
XO0257,23-C-205L,Urbana,59.06,,,
XO0257,23-C-205L,RockPort,71.13,,,
XO0257,23-C-205L,Lucas,73.72,33.7,20.8,2.5
FJ9870,23-C-205L,Crawfordsville,82.34,34.05,20.4,2.7
FJ9870,23-C-205L,Lucas,65.74,33.2,21.25,2.5
FJ9870,23-C-205L,Ames01,84.35,34.2,20.4,2.5
FJ9870,23-C-205L,Urbana,60.42,,,
FJ9870,23-C-205L,RockPort,73.95,,,
FJ9870,23-C-205L,Ames02,73.54,,,
YK2947,23-C-205L,Ames01,70.98,35.15,19.7,3.3
YK2947,23-C-205L,RockPort,73.51,,,
YK2947,23-C-205L,Ames02,74.03,,,
YK2947,23-C-205L,Urbana,63.3,,,
YK2947,23-C-205L,Lucas,72.76,33.65,20.2,2.5
YK2947,23-C-205L,Crawfordsville,85.48,34.4,19.3,3.1
MY7658,23-C-205L,RockPort,79.34,,,
MY7658,23-C-205L,Ames02,79.68,,,
MY7658,23-C-205L,Urbana,61.3,,,
MY7658,23-C-205L,Lucas,71.91,33.6,21.25,2.9
MY7658,23-C-205L,Crawfordsville,88.41,33.65,20.7,2.7
MY7658,23-C-205L,Ames01,87.28,34.15,20.65,3.1
HV6409,23-C-205L,Ames01,78.43,35.65,19.9,3.1
HV6409,23-C-205L,Lucas,61.9,34.2,20.5,2.7
HV6409,23-C-205L,RockPort,73.19,,,
HV6409,23-C-205L,Ames02,75.56,,,
HV6409,23-C-205L,Crawfordsville,78.24,35.2,19.9,2.9
HV6409,23-C-205L,Urbana,61.7,,,
KC2855,23-C-205L,Ames01,83.09,34.05,20.45,2.9
KC2855,23-C-205L,Crawfordsville,82.24,34.2,20.3,2.9
KC2855,23-C-205L,Urbana,61.39,,,
KC2855,23-C-205L,Lucas,79.57,32.8,20.8,2.9
KC2855,23-C-205L,RockPort,81.27,,,
KC2855,23-C-205L,Ames02,68.77,,,
VI7604,23-C-205L,Crawfordsville,91.81,35.85,19.85,2.9
VI7604,23-C-205L,Urbana,56.86,,,
VI7604,23-C-205L,Ames01,76.97,37.1,19.4,3.3
VI7604,23-C-205L,Lucas,74.8,36,20.4,2.9
VI7604,23-C-205L,RockPort,70.26,,,
VI7604,23-C-205L,Ames02,78.21,,,
HQ6797,23-C-205L,Urbana,58.85,,,
HQ6797,23-C-205L,Ames02,76.47,,,
HQ6797,23-C-205L,Ames01,77.74,35.8,19.95,3.1
HQ6797,23-C-205L,RockPort,67.87,,,
HQ6797,23-C-205L,Crawfordsville,86.35,35.35,20.05,2.9
HQ6797,23-C-205L,Lucas,72.95,35.55,20.2,2.9
PR1746,23-C-206L,Urbana,62.88,,,
PR1746,23-C-206L,Ames01,86.63,34.8,20.8,2.9
PR1746,23-C-206L,Ames02,78.62,,,
PR1746,23-C-206L,RockPort,73.17,,,
PR1746,23-C-206L,Lucas,75.7,33.55,21.7,2.7
PR1746,23-C-206L,Crawfordsville,92.65,33.75,21,2.9
DH8433,23-C-206L,RockPort,63.16,,,
DH8433,23-C-206L,Lucas,69.75,33.45,20.75,2.7
DH8433,23-C-206L,Ames01,78.17,34.6,19.75,2.5
DH8433,23-C-206L,Crawfordsville,99.21,34.05,19.9,2.7
DH8433,23-C-206L,Urbana,55.29,,,
DH8433,23-C-206L,Ames02,77.11,,,
FO8316,23-C-206L,Ames01,76.22,32.9,21.15,2.7
FO8316,23-C-206L,Urbana,49.13,,,
FO8316,23-C-206L,Crawfordsville,99.57,32.45,20.8,2.7
FO8316,23-C-206L,RockPort,66.71,,,
FO8316,23-C-206L,Ames02,70.74,,,
FO8316,23-C-206L,Lucas,71.08,32.05,21.6,2.7
CK5510,23-C-206L,Ames01,79.19,35.7,19.9,2.7
CK5510,23-C-206L,Crawfordsville,79.74,34.85,20,2.7
CK5510,23-C-206L,Ames02,72.26,,,
CK5510,23-C-206L,Lucas,69.81,34.1,20.55,2.7
CK5510,23-C-206L,Urbana,61.24,,,
CK5510,23-C-206L,RockPort,65.2,,,
PN2184,23-C-206L,Urbana,58.1,,,
PN2184,23-C-206L,Ames01,75.12,35.3,20.2,2.5
PN2184,23-C-206L,Crawfordsville,81.96,33.8,20.1,2.5
PN2184,23-C-206L,Lucas,67.33,34.05,20.4,2.3
PN2184,23-C-206L,Ames02,72.47,,,
PN2184,23-C-206L,RockPort,56.9,,,
EJ5741,23-C-206L,Crawfordsville,84.01,33.7,20.9,2.7
EJ5741,23-C-206L,RockPort,58.46,,,
EJ5741,23-C-206L,Ames01,76.86,34.35,20.6,2.7
EJ5741,23-C-206L,Urbana,61.01,,,
EJ5741,23-C-206L,Lucas,74.02,33.05,21.3,2.9
EJ5741,23-C-206L,Ames02,72.87,,,
IF6085,23-C-206L,Urbana,50.14,,,
IF6085,23-C-206L,Crawfordsville,83.98,,,2.7
IF6085,23-C-206L,Lucas,71.19,33,21.4,2.7
IF6085,23-C-206L,Ames02,70.67,,,
IF6085,23-C-206L,RockPort,59.39,,,
IF6085,23-C-206L,Ames01,83.26,34.45,20.55,2.7
BR7094,23-C-206L,Urbana,60.54,,,
BR7094,23-C-206L,Ames02,71.61,,,
BR7094,23-C-206L,Lucas,68.39,33.2,21.2,2.7
BR7094,23-C-206L,Ames01,78.93,34.35,20.35,2.5
BR7094,23-C-206L,Crawfordsville,81.5,33.2,20.8,2.7
BR7094,23-C-206L,RockPort,58.31,,,
VK9474,23-C-206L,Ames02,65.7,,,
VK9474,23-C-206L,Crawfordsville,79.66,33.6,20.5,2.5
VK9474,23-C-206L,RockPort,63.86,,,
VK9474,23-C-206L,Urbana,49.03,,,
VK9474,23-C-206L,Ames01,80.5,34.65,20.25,2.9
VK9474,23-C-206L,Lucas,65.43,34,20.5,2.5
LY0507,23-C-206L,Urbana,56.05,,,
LY0507,23-C-206L,Lucas,76.83,34.05,21.5,2.5
LY0507,23-C-206L,RockPort,70.11,,,
LY0507,23-C-206L,Ames01,85.3,34.9,20.65,2.7
LY0507,23-C-206L,Crawfordsville,80.89,33.5,21.6,2.9
LY0507,23-C-206L,Ames02,73.7,,,
WY1290,23-C-206L,Ames02,73.91,,,
WY1290,23-C-206L,Ames01,84.05,34.15,20.85,2.7
WY1290,23-C-206L,Lucas,76.14,32.4,21.6,2.7
WY1290,23-C-206L,RockPort,69.19,,,
WY1290,23-C-206L,Crawfordsville,86.93,33.05,21.05,2.5
WY1290,23-C-206L,Urbana,59.64,,,
WM1762,23-C-206L,Urbana,56.05,,,
WM1762,23-C-206L,RockPort,67.39,,,
WM1762,23-C-206L,Ames01,83.14,34.75,20.25,2.7
WM1762,23-C-206L,Lucas,70.1,33.65,20.8,2.7
WM1762,23-C-206L,Crawfordsville,76.92,34,19.65,2.5
WM1762,23-C-206L,Ames02,70.68,,,
DI5088,23-C-206L,Crawfordsville,82.31,32.85,21.4,2.5
DI5088,23-C-206L,Lucas,69.67,32.35,21.6,2.7
DI5088,23-C-206L,Ames01,73.87,33.7,20.95,2.5
DI5088,23-C-206L,RockPort,59.18,,,
DI5088,23-C-206L,Urbana,38.88,,,
DI5088,23-C-206L,Ames02,60.82,,,
PR2474,23-C-206L,Crawfordsville,94.56,35.75,19.75,2.7
PR2474,23-C-206L,Ames01,83.76,36.6,19.25,2.7
PR2474,23-C-206L,Ames02,76.44,,,
PR2474,23-C-206L,Urbana,52.07,,,
PR2474,23-C-206L,Lucas,68.64,35.75,20.35,2.7
PR2474,23-C-206L,RockPort,63.48,,,
QV8795,23-C-206L,Ames02,71.92,,,
QV8795,23-C-206L,Crawfordsville,88.63,35.05,19.95,2.7
QV8795,23-C-206L,Ames01,87.27,36.15,19.8,2.9
QV8795,23-C-206L,RockPort,66.17,,,
QV8795,23-C-206L,Lucas,70.99,35.25,20.3,3.3
QV8795,23-C-206L,Urbana,54.03,,,
BV8715,23-C-206L,Ames02,78.03,,,
BV8715,23-C-206L,Lucas,74.14,34.5,20.75,2.9
BV8715,23-C-206L,Urbana,59.51,,,
BV8715,23-C-206L,Crawfordsville,92.89,35.3,19.75,2.9
BV8715,23-C-206L,Ames01,88.64,35.45,20.05,2.7
BV8715,23-C-206L,RockPort,76.67,,,
KF7257,23-C-206L,Crawfordsville,89.11,33.75,20.65,2.7
KF7257,23-C-206L,RockPort,65.35,,,
KF7257,23-C-206L,Ames02,72.73,,,
KF7257,23-C-206L,Lucas,73.94,33.85,21.1,2.7
KF7257,23-C-206L,Ames01,81.1,35.05,20.4,2.7
KF7257,23-C-206L,Urbana,58.12,,,
OO6096,23-C-206L,RockPort,68.89,,,
OO6096,23-C-206L,Ames02,67.11,,,
OO6096,23-C-206L,Crawfordsville,94.29,33.55,20.75,2.7
OO6096,23-C-206L,Lucas,64.31,33.6,21.35,2.7
OO6096,23-C-206L,Ames01,80.56,34.75,20.45,2.7
OO6096,23-C-206L,Urbana,56.83,,,
TP4618,23-C-206L,Ames01,72.31,34,20.5,3.1
TP4618,23-C-206L,Ames02,71.12,,,
TP4618,23-C-206L,RockPort,61.63,,,
TP4618,23-C-206L,Urbana,51.54,,,
TP4618,23-C-206L,Crawfordsville,91.51,33.35,20.7,2.9
TP4618,23-C-206L,Lucas,66.98,33.15,21,3.1
CX5496,23-C-206L,RockPort,71.57,,,
CX5496,23-C-206L,Urbana,58.67,,,
CX5496,23-C-206L,Lucas,72.93,33.1,21.25,2.5
CX5496,23-C-206L,Ames02,71.51,,,
CX5496,23-C-206L,Crawfordsville,87.7,32.75,21.3,2.7
CX5496,23-C-206L,Ames01,95.21,33.3,21.1,2.7
ZZ3874,23-C-206L,Crawfordsville,87.81,33.75,20.1,2.9
ZZ3874,23-C-206L,Ames01,66.59,33.75,20.3,2.9
ZZ3874,23-C-206L,Ames02,75.77,,,
ZZ3874,23-C-206L,Lucas,64.94,32.35,20.75,2.9
ZZ3874,23-C-206L,Urbana,60.1,,,
ZZ3874,23-C-206L,RockPort,74.93,,,
YP4788,23-C-206L,Ames02,74.11,,,
YP4788,23-C-206L,Crawfordsville,95.44,33.65,19.9,2.9
YP4788,23-C-206L,Lucas,71.33,33.5,20.1,2.9
YP4788,23-C-206L,RockPort,67.89,,,
YP4788,23-C-206L,Ames01,74.19,34.5,19.5,3.1
YP4788,23-C-206L,Urbana,56.85,,,
QS2481,23-C-206L,Ames02,74.81,,,
QS2481,23-C-206L,Crawfordsville,83.9,32.55,21.5,2.3
QS2481,23-C-206L,Ames01,84.78,34.15,20.9,2.7
QS2481,23-C-206L,RockPort,75.81,,,
QS2481,23-C-206L,Lucas,74.6,32.45,21.85,2.7
QS2481,23-C-206L,Urbana,63.47,,,
JG6265,23-C-206L,Lucas,69.45,32.7,21.3,2.5
JG6265,23-C-206L,RockPort,69.88,,,
JG6265,23-C-206L,Ames02,69.56,,,
JG6265,23-C-206L,Urbana,59,,,
JG6265,23-C-206L,Crawfordsville,93.55,33.3,21.05,2.9
JG6265,23-C-206L,Ames01,82.81,33.95,20.85,2.7
YF5698,23-C-206L,RockPort,57.93,,,
YF5698,23-C-206L,Urbana,52.54,,,
YF5698,23-C-206L,Ames02,75.13,,,
YF5698,23-C-206L,Crawfordsville,96.1,34.4,20.2,2.7
YF5698,23-C-206L,Lucas,70.13,33.25,21.5,2.7
YF5698,23-C-206L,Ames01,80.41,34.3,20.85,2.7
RH7558,23-C-206L,Urbana,51.88,,,
RH7558,23-C-206L,Lucas,77.79,33.8,21.15,2.9
RH7558,23-C-206L,Crawfordsville,95.97,34.05,20.55,2.9
RH7558,23-C-206L,RockPort,70.88,,,
RH7558,23-C-206L,Ames02,71.65,,,
RH7558,23-C-206L,Ames01,75.88,35.4,20.15,2.9
HT2901,23-C-206L,Ames01,75.51,33.8,21.4,2.7
HT2901,23-C-206L,Lucas,81.23,32.15,21.85,2.7
HT2901,23-C-206L,Crawfordsville,89.76,32.7,21.5,2.7
HT2901,23-C-206L,RockPort,76.73,,,
HT2901,23-C-206L,Urbana,58.06,,,
HT2901,23-C-206L,Ames02,74.92,,,
JK6688,23-C-206L,Crawfordsville,90.04,32.9,21.2,2.7
JK6688,23-C-206L,Lucas,75.12,33.25,21.4,3.1
JK6688,23-C-206L,Ames02,71.5,,,
JK6688,23-C-206L,Urbana,59.69,,,
JK6688,23-C-206L,RockPort,74.58,,,
JK6688,23-C-206L,Ames01,77.71,33.6,21.25,2.5
GQ3814,23-C-206L,Ames01,89.31,33.75,20.9,2.7
GQ3814,23-C-206L,Ames02,70.05,,,
GQ3814,23-C-206L,Crawfordsville,96.12,32.8,20.6,2.9
GQ3814,23-C-206L,Lucas,62.05,33.05,21.7,2.7
GQ3814,23-C-206L,RockPort,78.75,,,
GQ3814,23-C-206L,Urbana,54.89,,,
JS7057,23-C-206L,Lucas,71.84,36.8,18.65,3.3
JS7057,23-C-206L,Ames01,74.14,37.1,18.35,2.7
JS7057,23-C-206L,Crawfordsville,88.31,36.6,18.3,2.9
JS7057,23-C-206L,Ames02,67.59,,,
JS7057,23-C-206L,RockPort,70.15,,,
JS7057,23-C-206L,Urbana,59.59,,,
WC9060,23-C-206L,Urbana,63.35,,,
WC9060,23-C-206L,Ames01,76.89,34.3,20.25,2.7
WC9060,23-C-206L,Lucas,72.36,32.8,20.95,3.1
WC9060,23-C-206L,Crawfordsville,90.86,33.5,20.3,2.9
WC9060,23-C-206L,RockPort,71.26,,,
WC9060,23-C-206L,Ames02,78.48,,,
OZ3939,23-C-206L,Ames01,75.41,36.2,19.2,3.1
OZ3939,23-C-206L,Urbana,57.02,,,
OZ3939,23-C-206L,Lucas,72.93,35.3,20,3.1
OZ3939,23-C-206L,RockPort,62.24,,,
OZ3939,23-C-206L,Ames02,79.2,,,
OZ3939,23-C-206L,Crawfordsville,86.68,35.65,19.3,2.9
OQ4025,23-C-206L,Ames01,85.73,34.35,20.75,2.5
OQ4025,23-C-206L,Lucas,66.94,33.2,21.25,2.7
OQ4025,23-C-206L,Crawfordsville,81.02,33.65,20.45,2.5
OQ4025,23-C-206L,RockPort,61.84,,,
OQ4025,23-C-206L,Urbana,53.59,,,
OQ4025,23-C-206L,Ames02,65.81,,,
OL4815,23-C-206L,Crawfordsville,92.3,32.95,20.3,3.1
OL4815,23-C-206L,Lucas,68.87,32.75,21,2.9
OL4815,23-C-206L,RockPort,62.66,,,
OL4815,23-C-206L,Ames01,77.48,33.9,20.2,2.7
OL4815,23-C-206L,Ames02,70.8,,,
OL4815,23-C-206L,Urbana,58.51,,,
RX1880,23-C-206L,Crawfordsville,76.11,34.5,20.3,2.7
RX1880,23-C-206L,Ames02,68.94,,,
RX1880,23-C-206L,RockPort,61.62,,,
RX1880,23-C-206L,Lucas,70.59,34.65,20.75,2.7
RX1880,23-C-206L,Urbana,57.43,,,
RX1880,23-C-206L,Ames01,78.76,36,20.1,2.7
MO4358,23-C-206L,Crawfordsville,75.56,34.25,20.05,2.5
MO4358,23-C-206L,Ames01,80.87,35.05,20.05,2.7
MO4358,23-C-206L,Ames02,67.68,,,
MO4358,23-C-206L,RockPort,57.67,,,
MO4358,23-C-206L,Urbana,56.57,,,
MO4358,23-C-206L,Lucas,72.28,34.4,20.7,2.9
RI8859,23-C-206L,Crawfordsville,85.72,35.15,20.5,2.5
RI8859,23-C-206L,Urbana,54.94,,,
RI8859,23-C-206L,Ames02,68.89,,,
RI8859,23-C-206L,RockPort,60.98,,,
RI8859,23-C-206L,Lucas,64.72,34.15,21.15,2.5
RI8859,23-C-206L,Ames01,83.71,35.15,20.55,2.7
OT0114,23-C-206L,Urbana,47.36,,,
OT0114,23-C-206L,RockPort,58.16,,,
OT0114,23-C-206L,Crawfordsville,76.6,34.8,20.2,2.3
OT0114,23-C-206L,Ames01,75.65,35.25,20.05,1.9
OT0114,23-C-206L,Ames02,68.72,,,
OT0114,23-C-206L,Lucas,61.35,33.5,21.15,2.3
LD9792,23-C-206L,Ames02,72.63,,,
LD9792,23-C-206L,Crawfordsville,79.12,36.35,18.55,3.1
LD9792,23-C-206L,Lucas,71.79,36.55,19.5,2.7
LD9792,23-C-206L,Urbana,54.88,,,
LD9792,23-C-206L,Ames01,75.91,37.6,18.55,2.7
LD9792,23-C-206L,RockPort,55.98,,,
TS9104,23-C-206L,Urbana,57.72,,,
TS9104,23-C-206L,Ames02,77.42,,,
TS9104,23-C-206L,Lucas,70.72,36,20.25,2.9
TS9104,23-C-206L,Ames01,92.16,36.7,19.65,2.7
TS9104,23-C-206L,RockPort,70.96,,,
TS9104,23-C-206L,Crawfordsville,82.46,36,19.65,2.7
RP1511,23-C-206L,Lucas,67.21,32.6,21.15,2.7
RP1511,23-C-206L,Ames02,69.05,,,
RP1511,23-C-206L,Crawfordsville,79.05,32.85,20.6,2.9
RP1511,23-C-206L,Ames01,75.97,33.35,20.85,2.7
RP1511,23-C-206L,RockPort,66.76,,,
RP1511,23-C-206L,Urbana,58.19,,,
SP6957,23-C-206L,Ames01,77.7,34.75,20.45,2.7
SP6957,23-C-206L,Crawfordsville,89.54,34.45,20.2,2.7
SP6957,23-C-206L,Urbana,57.87,,,
SP6957,23-C-206L,Ames02,69.61,,,
SP6957,23-C-206L,Lucas,67.56,34.05,20.8,2.7
SP6957,23-C-206L,RockPort,63.72,,,
FR9481,23-C-206L,Crawfordsville,90.49,34.05,21.35,2.5
FR9481,23-C-206L,Ames01,69.46,34.85,20.8,2.5
FR9481,23-C-206L,Lucas,71.17,33.75,21.5,2.7
FR9481,23-C-206L,Ames02,68.73,,,
FR9481,23-C-206L,Urbana,52.66,,,
FR9481,23-C-206L,RockPort,67.38,,,
JM3127,23-C-206L,RockPort,61.05,,,
JM3127,23-C-206L,Crawfordsville,92.25,33.2,21.15,2.7
JM3127,23-C-206L,Lucas,66.92,32.85,21.5,2.7
JM3127,23-C-206L,Ames01,82.82,33.95,20.95,2.7
JM3127,23-C-206L,Ames02,70.59,,,
JM3127,23-C-206L,Urbana,57.49,,,
YX4867,23-C-206L,Ames02,72.84,,,
YX4867,23-C-206L,Crawfordsville,76.89,34.6,20.3,2.7
YX4867,23-C-206L,Ames01,79.98,36.05,20.25,2.5
YX4867,23-C-206L,Urbana,57.44,,,
YX4867,23-C-206L,RockPort,65.8,,,
YX4867,23-C-206L,Lucas,70.43,34.3,20.9,2.5
JW3419,23-C-206L,Crawfordsville,87.13,33.35,20.55,2.5
JW3419,23-C-206L,Lucas,71.98,33.4,20.95,2.7
JW3419,23-C-206L,Urbana,56.53,,,
JW3419,23-C-206L,Ames02,70.58,,,
JW3419,23-C-206L,RockPort,62.97,,,
JW3419,23-C-206L,Ames01,78.09,34.7,20.35,2.5
JG7479,23-C-206L,Ames02,72.35,,,
JG7479,23-C-206L,Crawfordsville,89.58,34.3,20.25,2.7
JG7479,23-C-206L,Lucas,77.12,33.45,21.15,2.9
JG7479,23-C-206L,Urbana,62.79,,,
JG7479,23-C-206L,RockPort,61.72,,,
JG7479,23-C-206L,Ames01,81.23,34.9,20.5,2.7
AV3901,23-C-206L,Ames02,70.92,,,
AV3901,23-C-206L,Crawfordsville,79.25,33.25,20.95,2.5
AV3901,23-C-206L,Lucas,70.82,32.95,21.3,2.7
AV3901,23-C-206L,RockPort,70.86,,,
AV3901,23-C-206L,Ames01,81.02,,,2.5
AV3901,23-C-206L,Urbana,57.41,,,
RN0720,23-C-206L,Ames02,72.95,,,
RN0720,23-C-206L,Urbana,58.66,,,
RN0720,23-C-206L,RockPort,67.5,,,
RN0720,23-C-206L,Lucas,66.78,32.8,21.1,2.5
RN0720,23-C-206L,Ames01,81.35,34.65,20.05,2.5
RN0720,23-C-206L,Crawfordsville,77.21,33.25,20.65,2.7
GS8584,23-C-206L,Urbana,56.44,,,
GS8584,23-C-206L,Ames01,75.99,35.4,20.35,2.9
GS8584,23-C-206L,RockPort,61.17,,,
GS8584,23-C-206L,Crawfordsville,89.54,34.9,19.8,3.1
GS8584,23-C-206L,Lucas,69.33,34.4,20.6,2.7
GS8584,23-C-206L,Ames02,79.91,,,
AM3573,23-C-301,Ames02,77.94,,,
AM3573,23-C-301,Crawfordsville,80.94,34.1,19.2,2.9
AM3573,23-C-301,Lucas,78.62,35.2,19.15,2.9
AM3573,23-C-301,Urbana,53.5,,,
AM3573,23-C-301,Ames01,84.3,34.7,19.45,3.5
AM3573,23-C-301,RockPort,73.02,,,
AM9232,23-C-301,Urbana,59.28,,,
AM9232,23-C-301,Ames02,70.44,,,
AM9232,23-C-301,Crawfordsville,90.05,33.6,20.1,2.9
AM9232,23-C-301,Lucas,69.94,33.95,20.45,2.9
AM9232,23-C-301,Ames01,85.63,33.9,20.15,3.1
AM9232,23-C-301,RockPort,78.61,,,
PB8686,23-C-301,Crawfordsville,91.88,33.55,19.5,2.9
PB8686,23-C-301,RockPort,68.84,,,
PB8686,23-C-301,Urbana,57.56,,,
PB8686,23-C-301,Ames01,88.83,33.9,20,2.7
PB8686,23-C-301,Lucas,80.14,33.4,20.75,2.5
PB8686,23-C-301,Ames02,73.11,,,
RF2158,23-C-301,RockPort,73.29,,,
RF2158,23-C-301,Lucas,62.15,34.25,20.15,2.7
RF2158,23-C-301,Ames01,70.46,34.3,19.65,2.9
RF2158,23-C-301,Ames02,76.47,,,
RF2158,23-C-301,Urbana,58.08,,,
RF2158,23-C-301,Crawfordsville,84.18,33.9,19.65,2.9
VC7671,23-C-301,Urbana,58.71,,,
VC7671,23-C-301,Crawfordsville,89.73,34.2,19.35,2.9
VC7671,23-C-301,Lucas,74.8,33.5,20.5,2.7
VC7671,23-C-301,RockPort,78.77,,,
VC7671,23-C-301,Ames01,82.87,34.6,19.7,2.9
VC7671,23-C-301,Ames02,75.14,,,
HO7069,23-C-301,Lucas,81.58,34.1,20,2.7
HO7069,23-C-301,RockPort,73.9,,,
HO7069,23-C-301,Ames02,78.78,,,
HO7069,23-C-301,Urbana,57.37,,,
HO7069,23-C-301,Ames01,78.45,34.05,20,3.1
HO7069,23-C-301,Crawfordsville,81.82,32.55,20.15,2.7
OM4263,23-C-301,Ames02,77.03,,,
OM4263,23-C-301,Ames01,82.48,35.25,19.3,3.7
OM4263,23-C-301,Crawfordsville,83.77,34.2,19.95,2.7
OM4263,23-C-301,Lucas,75.82,35.05,19.6,3.1
OM4263,23-C-301,Urbana,63.27,,,
OM4263,23-C-301,RockPort,74.41,,,
ZN0632,23-C-301,Ames02,72.05,,,
ZN0632,23-C-301,Crawfordsville,92.94,34.1,20.1,3.3
ZN0632,23-C-301,RockPort,78.33,,,
ZN0632,23-C-301,Ames01,80.19,34.75,19.75,3.5
ZN0632,23-C-301,Urbana,55.51,,,
ZN0632,23-C-301,Lucas,77.51,35.15,20.2,2.9
GB1070,23-C-301,Lucas,85.58,34.2,19.7,2.9
GB1070,23-C-301,Ames01,90.67,34.15,19.55,3.7
GB1070,23-C-301,RockPort,83.3,,,
GB1070,23-C-301,Urbana,64.57,,,
GB1070,23-C-301,Crawfordsville,98.89,33.1,19.55,3.5
GB1070,23-C-301,Ames02,80.69,,,
RG9118,23-C-301,Urbana,63.98,,,
RG9118,23-C-301,Ames02,72.35,,,
RG9118,23-C-301,RockPort,79.79,,,
RG9118,23-C-301,Lucas,71.72,34.7,19.85,3.3
RG9118,23-C-301,Crawfordsville,88.75,33.75,19.95,2.9
RG9118,23-C-301,Ames01,82.12,34.65,19.45,3.7
QD5076,23-C-301,Lucas,81.81,34.55,19.85,2.9
QD5076,23-C-301,Ames02,70.84,,,
QD5076,23-C-301,Crawfordsville,86.88,33.55,19.85,3.1
QD5076,23-C-301,Urbana,60.3,,,
QD5076,23-C-301,RockPort,80.31,,,
QD5076,23-C-301,Ames01,82.45,34.35,19.65,3.5
VU0295,23-C-301,RockPort,79.37,,,
VU0295,23-C-301,Urbana,57.38,,,
VU0295,23-C-301,Ames01,94.24,33.65,20,3.1
VU0295,23-C-301,Ames02,78.09,,,
VU0295,23-C-301,Crawfordsville,88.65,33.2,20.05,3.1
VU0295,23-C-301,Lucas,79.54,34.1,20.15,3.1
AK0242,23-C-301,Lucas,73.68,32.75,21.35,2.7
AK0242,23-C-301,Urbana,59.84,,,
AK0242,23-C-301,RockPort,79.03,,,
AK0242,23-C-301,Ames02,72.07,,,
AK0242,23-C-301,Crawfordsville,85.38,32.2,21,2.7
AK0242,23-C-301,Ames01,83.11,32.8,21.15,3.1
RK4809,23-C-301,Ames02,75.56,,,
RK4809,23-C-301,Lucas,78.01,34.3,20.6,2.7
RK4809,23-C-301,Ames01,79.18,33.95,20.5,3.3
RK4809,23-C-301,Crawfordsville,88.96,33.3,20.8,2.9
RK4809,23-C-301,Urbana,60.22,,,
RK4809,23-C-301,RockPort,76.82,,,
GR9843,23-C-301,RockPort,84.57,,,
GR9843,23-C-301,Ames01,82.15,33.8,20.6,3.5
GR9843,23-C-301,Crawfordsville,91.48,33.15,21.1,2.9
GR9843,23-C-301,Lucas,83.4,34,20.85,2.7
GR9843,23-C-301,Urbana,66.02,,,
GR9843,23-C-301,Ames02,72.86,,,
JW2150,23-C-301,Lucas,70.26,34.95,20.75,3.1
JW2150,23-C-301,Urbana,57.94,,,
JW2150,23-C-301,Ames01,77.46,35.3,19.9,3.7
JW2150,23-C-301,Ames02,73.9,,,
JW2150,23-C-301,Crawfordsville,88.91,34.6,20.1,3.5
JW2150,23-C-301,RockPort,63.32,,,
OM0586,23-C-301,Lucas,73.82,32.9,21.65,2.9
OM0586,23-C-301,Crawfordsville,92.33,32.1,21.8,2.9
OM0586,23-C-301,Urbana,63.42,,,
OM0586,23-C-301,Ames02,69.19,,,
OM0586,23-C-301,RockPort,81.83,,,
OM0586,23-C-301,Ames01,77.71,32.85,21.3,3.5
FF0147,23-C-301,Lucas,86.73,32.45,20.65,2.9
FF0147,23-C-301,Urbana,58.84,,,
FF0147,23-C-301,RockPort,84.68,,,
FF0147,23-C-301,Ames02,76.96,,,
FF0147,23-C-301,Ames01,86.76,33.2,20.3,3.5
FF0147,23-C-301,Crawfordsville,90.19,32.25,20.65,3.3
NR0145,23-C-301,Crawfordsville,87.04,33,20.2,3.1
NR0145,23-C-301,RockPort,75.32,,,
NR0145,23-C-301,Ames02,76.78,,,
NR0145,23-C-301,Urbana,56.14,,,
NR0145,23-C-301,Ames01,79.69,33.7,20.25,3.7
NR0145,23-C-301,Lucas,78.83,33.5,20.7,3.1
UN3162,23-C-301,RockPort,80.46,,,
UN3162,23-C-301,Lucas,76.39,32.8,21.55,3.1
UN3162,23-C-301,Urbana,58.99,,,
UN3162,23-C-301,Ames01,79.49,,,3.3
UN3162,23-C-301,Ames02,67.25,,,
UN3162,23-C-301,Crawfordsville,87.11,32.2,21,3.1
EK8289,23-C-301,Urbana,60.35,,,
EK8289,23-C-301,Lucas,78.59,33.55,20.85,2.9
EK8289,23-C-301,Ames02,68.79,,,
EK8289,23-C-301,Crawfordsville,92.61,32.05,20.55,3.3
EK8289,23-C-301,RockPort,82.21,,,
EK8289,23-C-301,Ames01,85.31,34.15,20.05,3.5
LH6805,23-C-301,Ames01,71.99,33.9,20.7,3.1
LH6805,23-C-301,Lucas,77.53,33.6,21.35,2.7
LH6805,23-C-301,Ames02,74.38,,,
LH6805,23-C-301,Urbana,58.94,,,
LH6805,23-C-301,Crawfordsville,87.03,33.05,21.15,3.1
LH6805,23-C-301,RockPort,79.66,,,
NK5874,23-C-301,Ames02,71.99,,,
NK5874,23-C-301,Crawfordsville,88.23,33.4,20.25,3.5
NK5874,23-C-301,RockPort,74.69,,,
NK5874,23-C-301,Ames01,82.25,34.5,19.75,3.9
NK5874,23-C-301,Urbana,66.71,,,
NK5874,23-C-301,Lucas,83.06,33.9,20.8,3.1
OD8161,23-C-301,Crawfordsville,87.9,33.55,20.15,3.1
OD8161,23-C-301,RockPort,88.29,,,
OD8161,23-C-301,Lucas,79.09,34.75,20.1,3.1
OD8161,23-C-301,Urbana,61.77,,,
OD8161,23-C-301,Ames01,82.93,34.9,19.6,3.5
OD8161,23-C-301,Ames02,65.19,,,
RE0581,23-C-301,Urbana,64.76,,,
RE0581,23-C-301,Ames01,83.85,33.75,20.4,3.1
RE0581,23-C-301,Ames02,71.2,,,
RE0581,23-C-301,Crawfordsville,81.82,33.2,21.1,2.9
RE0581,23-C-301,RockPort,79.93,,,
RE0581,23-C-301,Lucas,83.33,34.1,20.9,3.1
CE1987,23-C-301,Lucas,78.81,34.3,20.45,3.3
CE1987,23-C-301,Crawfordsville,93.79,33.5,20.75,3.3
CE1987,23-C-301,Urbana,63.09,,,
CE1987,23-C-301,Ames01,87.35,34.35,20.3,3.5
CE1987,23-C-301,RockPort,90.58,,,
CE1987,23-C-301,Ames02,76.21,,,
JI7408,23-C-301,Lucas,69.2,32.8,21.5,2.9
JI7408,23-C-301,Ames01,88.76,32.95,21.25,3.9
JI7408,23-C-301,Ames02,75.96,,,
JI7408,23-C-301,Urbana,58.07,,,
JI7408,23-C-301,RockPort,79.13,,,
JI7408,23-C-301,Crawfordsville,79.57,32.15,21.45,2.9
VP9569,23-C-301,Lucas,77,32.15,22,2.7
VP9569,23-C-301,Ames01,75.61,33.25,20.85,3.5
VP9569,23-C-301,Urbana,46.02,,,
VP9569,23-C-301,Crawfordsville,87.25,32.1,21.45,2.9
VP9569,23-C-301,RockPort,80.26,,,
VP9569,23-C-301,Ames02,71.68,,,
IG8522,23-C-301,Urbana,60.58,,,
IG8522,23-C-301,Lucas,75.24,34.55,19.95,3.1
IG8522,23-C-301,Ames01,75.92,34.45,20,3.3
IG8522,23-C-301,RockPort,64.58,,,
IG8522,23-C-301,Ames02,75.23,,,
IG8522,23-C-301,Crawfordsville,84.78,34,19.95,3.3
AA6707,23-C-301,Crawfordsville,82.36,35.7,19.9,2.9
AA6707,23-C-301,Ames02,71.5,,,
AA6707,23-C-301,Lucas,72.73,36.3,19.75,2.9
AA6707,23-C-301,RockPort,72.75,,,
AA6707,23-C-301,Ames01,78.03,36.3,19.4,3.5
AA6707,23-C-301,Urbana,61.59,,,
LG8917,23-C-302,Crawfordsville,100.53,33.55,20.9,3.5
LG8917,23-C-302,Urbana,50.28,,,
LG8917,23-C-302,Lucas,88.23,33.4,21.5,2.9
LG8917,23-C-302,RockPort,75.75,,,
LG8917,23-C-302,Ames01,81.57,33.45,21,3.3
LG8917,23-C-302,Ames02,73.97,,,
KD5914,23-C-302,Ames02,68.97,,,
KD5914,23-C-302,Urbana,51.17,,,
KD5914,23-C-302,Ames01,72.2,34.9,19.9,3.5
KD5914,23-C-302,Lucas,78.16,34.85,20.25,2.5
KD5914,23-C-302,Crawfordsville,87.58,34.1,20,3.5
KD5914,23-C-302,RockPort,79.8,,,
GN5068,23-C-302,Crawfordsville,90.42,32.7,21,3.3
GN5068,23-C-302,Urbana,62.47,,,
GN5068,23-C-302,Lucas,83.95,33.2,21,2.9
GN5068,23-C-302,RockPort,82.75,,,
GN5068,23-C-302,Ames01,78.53,33,20.85,3.3
GN5068,23-C-302,Ames02,69.12,,,
PH8767,23-C-302,Urbana,59.96,,,
PH8767,23-C-302,Crawfordsville,88.41,33.2,21,3.1
PH8767,23-C-302,RockPort,78.9,,,
PH8767,23-C-302,Ames01,84.56,34.05,20.85,3.3
PH8767,23-C-302,Lucas,76.86,34.1,21.1,3.1
PH8767,23-C-302,Ames02,69.35,,,
IR5829,23-C-302,Ames01,71.97,33.05,21.75,3.3
IR5829,23-C-302,Urbana,48.14,,,
IR5829,23-C-302,Ames02,63.75,,,
IR5829,23-C-302,Lucas,68.4,33.1,22.25,3.3
IR5829,23-C-302,Crawfordsville,86.9,31.65,22.25,3.1
IR5829,23-C-302,RockPort,74.58,,,
RH3541,23-C-302,Lucas,72.19,33.55,21.25,2.9
RH3541,23-C-302,Ames01,74.17,33.45,21,2.9
RH3541,23-C-302,RockPort,75.12,,,
RH3541,23-C-302,Ames02,65.41,,,
RH3541,23-C-302,Urbana,51.1,,,
RH3541,23-C-302,Crawfordsville,90.7,32.8,21.35,3.1
TT3213,23-C-302,Ames02,73.27,,,
TT3213,23-C-302,Urbana,54.56,,,
TT3213,23-C-302,Crawfordsville,85.2,32.85,20.45,3.3
TT3213,23-C-302,Ames01,78.27,33.9,20.55,3.3
TT3213,23-C-302,Lucas,71.76,33.55,21,3.1
TT3213,23-C-302,RockPort,74.39,,,
FR3544,23-C-302,Lucas,80.67,32.8,20.75,2.9
FR3544,23-C-302,Urbana,55.65,,,
FR3544,23-C-302,Ames01,83.32,33.2,20,2.9
FR3544,23-C-302,Crawfordsville,87.82,32.8,20.35,3.3
FR3544,23-C-302,Ames02,72.82,,,
FR3544,23-C-302,RockPort,77.55,,,
OA1936,23-C-302,Urbana,54.98,,,
OA1936,23-C-302,Crawfordsville,91.86,34.45,20.45,3.1
OA1936,23-C-302,Ames01,79.95,34.6,20.3,3.3
OA1936,23-C-302,RockPort,83.3,,,
OA1936,23-C-302,Ames02,69.12,,,
OA1936,23-C-302,Lucas,82.38,34.95,20.3,2.9
GI6931,23-C-302,Ames02,73.94,,,
GI6931,23-C-302,Crawfordsville,104.4,34.15,19.5,3.1
GI6931,23-C-302,Ames01,85.8,35.05,19.8,2.7
GI6931,23-C-302,RockPort,84.33,,,
GI6931,23-C-302,Lucas,73.75,35.1,19.75,3.1
GI6931,23-C-302,Urbana,57.55,,,
LJ0404,23-C-302,RockPort,77.43,,,
LJ0404,23-C-302,Ames01,86.29,35.45,19.95,3.3
LJ0404,23-C-302,Urbana,55.27,,,
LJ0404,23-C-302,Crawfordsville,94.25,34.55,20.3,3.1
LJ0404,23-C-302,Ames02,78.22,,,
LJ0404,23-C-302,Lucas,73.14,34.85,20.6,3.1
VZ3201,23-C-302,Urbana,54.5,,,
VZ3201,23-C-302,Lucas,77.86,34.65,20.5,2.7
VZ3201,23-C-302,Ames02,69.55,,,
VZ3201,23-C-302,RockPort,71.75,,,
VZ3201,23-C-302,Crawfordsville,81.84,33.65,19.95,3.1
VZ3201,23-C-302,Ames01,72.73,34.95,19.85,2.9
HW1825,23-C-302,Urbana,57.34,,,
HW1825,23-C-302,Ames02,66.38,,,
HW1825,23-C-302,Crawfordsville,93.72,33.05,20.55,2.9
HW1825,23-C-302,Ames01,75.88,33.25,20.85,3.3
HW1825,23-C-302,Lucas,78.47,33.65,20.8,2.7
HW1825,23-C-302,RockPort,71.08,,,
YK5413,23-C-302,Crawfordsville,93.18,33.85,20.7,3.3
YK5413,23-C-302,Ames02,70.72,,,
YK5413,23-C-302,Urbana,60.2,,,
YK5413,23-C-302,RockPort,83.86,,,
YK5413,23-C-302,Ames01,64.42,34.65,20.3,3.3
YK5413,23-C-302,Lucas,71.86,34.6,21.05,3.3
FC3051,23-C-302,Urbana,53.16,,,
FC3051,23-C-302,Ames02,68.71,,,
FC3051,23-C-302,RockPort,80.51,,,
FC3051,23-C-302,Ames01,89.29,35.35,20.05,3.3
FC3051,23-C-302,Crawfordsville,94.55,34.3,20.4,3.1
FC3051,23-C-302,Lucas,77.65,34.95,20.9,2.7
NC2085,23-C-302,Ames02,71.42,,,
NC2085,23-C-302,RockPort,72.44,,,
NC2085,23-C-302,Lucas,74.65,35.45,20.9,2.9
NC2085,23-C-302,Urbana,51.34,,,
NC2085,23-C-302,Crawfordsville,88.4,35.5,20.25,2.9
NC2085,23-C-302,Ames01,76.26,36.25,20,3.3
NC6509,23-C-302,Ames02,63.26,,,
NC6509,23-C-302,Crawfordsville,78.13,33.75,20.15,2.9
NC6509,23-C-302,Ames01,80.81,34.85,19.8,2.7
NC6509,23-C-302,Lucas,66.42,34.55,20.7,2.9
NC6509,23-C-302,RockPort,64.77,,,
NC6509,23-C-302,Urbana,48.81,,,
CE7971,23-C-302,Ames02,62.03,,,
CE7971,23-C-302,Lucas,76.31,35.4,20.7,2.9
CE7971,23-C-302,Urbana,50.61,,,
CE7971,23-C-302,RockPort,77.62,,,
CE7971,23-C-302,Crawfordsville,87.98,,,3.1
CE7971,23-C-302,Ames01,75.75,35.9,19.5,3.1
MP1645,23-C-302,Crawfordsville,88.56,34.15,20.15,2.9
MP1645,23-C-302,Urbana,47,,,
MP1645,23-C-302,Ames02,61.02,,,
MP1645,23-C-302,Lucas,80.76,35.55,20.2,2.7
MP1645,23-C-302,RockPort,74.65,,,
MP1645,23-C-302,Ames01,74.15,34.95,20.05,2.7
EX6125,23-C-302,Lucas,70.67,35.75,20.1,3.3
EX6125,23-C-302,Ames02,66.73,,,
EX6125,23-C-302,Ames01,64.66,35.3,19.55,2.9
EX6125,23-C-302,Urbana,51.38,,,
EX6125,23-C-302,Crawfordsville,88.37,33.75,20.2,3.1
EX6125,23-C-302,RockPort,75.14,,,
AB0294,23-C-302,Ames02,70.77,,,
AB0294,23-C-302,RockPort,71.66,,,
AB0294,23-C-302,Crawfordsville,98.97,35.75,19.5,3.3
AB0294,23-C-302,Urbana,50.12,,,
AB0294,23-C-302,Ames01,79.57,36.5,19.15,3.5
AB0294,23-C-302,Lucas,74.33,37.1,19.6,2.9
YT0782,23-C-302,Urbana,55.81,,,
YT0782,23-C-302,Lucas,72.91,35.35,20.3,3.1
YT0782,23-C-302,Ames01,79.12,34.65,20.3,3.3
YT0782,23-C-302,Crawfordsville,90.94,33.9,20.3,3.1
YT0782,23-C-302,Ames02,62.94,,,
YT0782,23-C-302,RockPort,69.29,,,
NN5202,23-C-302,Urbana,64.25,,,
NN5202,23-C-302,Ames01,71.88,35.15,19.6,3.9
NN5202,23-C-302,Lucas,75.63,35.2,19.8,3.7
NN5202,23-C-302,Crawfordsville,81.22,,,3.5
NN5202,23-C-302,Ames02,60.17,,,
NN5202,23-C-302,RockPort,77.14,,,
NG8029,23-C-302,Urbana,58,,,
NG8029,23-C-302,Ames01,75.54,35.45,20.05,3.1
NG8029,23-C-302,Ames02,69.59,,,
NG8029,23-C-302,RockPort,78.33,,,
NG8029,23-C-302,Lucas,76.27,35.15,20.3,3.1
NG8029,23-C-302,Crawfordsville,89.15,34.4,20.35,3.3
NU6597,23-C-302,Lucas,76.12,35.75,19.8,3.7
NU6597,23-C-302,Ames01,78.6,36,19.4,3.5
NU6597,23-C-302,Crawfordsville,97.21,34.4,19.8,3.5
NU6597,23-C-302,Urbana,54.91,,,
NU6597,23-C-302,Ames02,75.4,,,
NU6597,23-C-302,RockPort,79.15,,,
FT2794,23-C-302,Lucas,83.41,34.95,20.25,3.1
FT2794,23-C-302,Urbana,57.83,,,
FT2794,23-C-302,RockPort,78.3,,,
FT2794,23-C-302,Crawfordsville,84.28,34.25,20.15,3.3
FT2794,23-C-302,Ames01,86.02,35.55,19.85,3.7
FT2794,23-C-302,Ames02,78.82,,,
RA9083,23-C-302,Urbana,54.93,,,
RA9083,23-C-302,Lucas,68.75,35.05,20.45,3.3
RA9083,23-C-302,RockPort,67.41,,,
RA9083,23-C-302,Ames01,72.01,35.55,19.7,3.1
RA9083,23-C-302,Ames02,69.2,,,
RA9083,23-C-302,Crawfordsville,82.85,34.7,20.05,3.1
SW0134,23-C-302,Lucas,78,34.35,21,2.7
SW0134,23-C-302,Ames01,72.74,34.9,20,3.3
SW0134,23-C-302,RockPort,73.72,,,
SW0134,23-C-302,Urbana,52.03,,,
SW0134,23-C-302,Ames02,67.33,,,
SW0134,23-C-302,Crawfordsville,85.99,33.9,20.1,3.1
AJ4484,23-C-302,Ames01,67.17,35.85,19.4,3.7
AJ4484,23-C-302,Urbana,55.75,,,
AJ4484,23-C-302,Crawfordsville,88.56,34.25,19.9,3.3
AJ4484,23-C-302,Ames02,64.9,,,
AJ4484,23-C-302,Lucas,75.66,35.2,20.3,2.9
AJ4484,23-C-302,RockPort,69.91,,,
NR7646,23-C-302,Ames01,84.11,35.05,19.5,2.9
NR7646,23-C-302,Lucas,78.41,34.7,20.1,3.5
NR7646,23-C-302,Ames02,67.51,,,
NR7646,23-C-302,Urbana,56.95,,,
NR7646,23-C-302,RockPort,70.01,,,
NR7646,23-C-302,Crawfordsville,90.12,33.4,20.15,3.1
OP7594,23-C-302,Urbana,59.17,,,
OP7594,23-C-302,Ames01,83.46,34.2,20.3,3.1
OP7594,23-C-302,Lucas,75.62,33.95,20.55,2.9
OP7594,23-C-302,Ames02,70.65,,,
OP7594,23-C-302,RockPort,72.68,,,
OP7594,23-C-302,Crawfordsville,91.29,33.4,20.7,3.1
XD8348,23-C-302,Urbana,61.84,,,
XD8348,23-C-302,Lucas,79.18,34.65,20.65,2.7
XD8348,23-C-302,Ames02,70.85,,,
XD8348,23-C-302,RockPort,73.28,,,
XD8348,23-C-302,Ames01,79.39,34.65,20.25,2.7
XD8348,23-C-302,Crawfordsville,89.58,33.8,20.35,3.3
DM1011,23-C-302,Urbana,55.91,,,
DM1011,23-C-302,Crawfordsville,90.71,34.05,21.25,2.5
DM1011,23-C-302,Ames01,78.13,35.55,20.1,2.7
DM1011,23-C-302,RockPort,73.9,,,
DM1011,23-C-302,Lucas,68.24,35.2,21.1,2.5
DM1011,23-C-302,Ames02,69.92,,,
OS2889,23-C-302,Lucas,81.39,33.95,20.7,2.9
OS2889,23-C-302,RockPort,79.99,,,
OS2889,23-C-302,Crawfordsville,100.54,33.6,20.25,3.1
OS2889,23-C-302,Urbana,52.55,,,
OS2889,23-C-302,Ames01,81.63,33.75,20.55,3.5
OS2889,23-C-302,Ames02,75.7,,,
VS9288,23-C-302,Urbana,50.44,,,
VS9288,23-C-302,Ames01,75.23,33.75,20.6,2.7
VS9288,23-C-302,RockPort,69.99,,,
VS9288,23-C-302,Crawfordsville,82.78,33.35,20.45,3.5
VS9288,23-C-302,Ames02,68.4,,,
VS9288,23-C-302,Lucas,74.39,33.85,21,2.7
QM5428,23-C-302,Urbana,63.67,,,
QM5428,23-C-302,RockPort,79.15,,,
QM5428,23-C-302,Lucas,87.17,35.95,19.3,3.5
QM5428,23-C-302,Crawfordsville,88.19,36.05,18.95,3.5
QM5428,23-C-302,Ames02,69.3,,,
QM5428,23-C-302,Ames01,68.87,36.1,19.2,3.5
SW5788,23-C-302,Lucas,66.59,36.55,19.45,3.7
SW5788,23-C-302,Ames02,75.71,,,
SW5788,23-C-302,RockPort,73.7,,,
SW5788,23-C-302,Ames01,78.36,36.55,19,3.7
SW5788,23-C-302,Urbana,61.14,,,
SW5788,23-C-302,Crawfordsville,95.83,36,19.1,3.5
VJ0651,23-C-302,Lucas,80.73,35.2,19.4,3.3
VJ0651,23-C-302,Crawfordsville,77.82,34.5,18.85,3.7
VJ0651,23-C-302,RockPort,85.39,,,
VJ0651,23-C-302,Ames02,70.85,,,
VJ0651,23-C-302,Urbana,58.71,,,
VJ0651,23-C-302,Ames01,73.93,34.85,19.15,
TS3305,23-C-302,Lucas,65.4,35.3,20.15,2.9
TS3305,23-C-302,Ames01,69.78,35.4,20.1,3.3
TS3305,23-C-302,Crawfordsville,103.36,34.7,19.65,3.1
TS3305,23-C-302,Ames02,63.6,,,
TS3305,23-C-302,RockPort,71.45,,,
TS3305,23-C-302,Urbana,58.33,,,
KD4346,23-C-302,Crawfordsville,98.98,33.65,20.6,
KD4346,23-C-302,Ames01,78.59,35.05,20.5,3.1
KD4346,23-C-302,RockPort,84.24,,,
KD4346,23-C-302,Urbana,52.15,,,
KD4346,23-C-302,Lucas,84.38,35.75,19.95,3.1
KD4346,23-C-302,Ames02,73.51,,,
